user_id,date,amount,category,type
52,2025-03-14,856.17,Utilities,debit
15,2026-12-14,856.57,Food,debit
72,2025-10-23,758.76,Rent,debit
61,2027-11-07,249.99,Rent,debit
21,2025-03-02,2281.71,Food,debit
75,2027-07-28,1749.09,Subscription,credit
75,2025-02-11,245.61,EMI,credit
24,2025-01-25,3476.39,Rent,debit
3,2027-11-29,1775.31,Subscription,debit
22,2025-05-11,1654.85,Rent,credit
53,2025-04-18,4388.49,Food,debit
2,2025-06-21,1471.07,EMI,debit
30,2025-04-12,2701.65,EMI,credit
38,2027-05-16,1992.73,Subscription,credit
2,2026-06-08,1254.93,Food,credit
64,2025-10-02,763.0,Subscription,credit
60,2027-12-04,976.64,EMI,credit
21,2027-03-28,1756.28,EMI,debit
33,2027-08-15,4013.29,Utilities,debit
76,2027-11-07,138.08,Subscription,debit
58,2025-11-26,560.9,Utilities,debit
22,2025-01-12,2981.94,Food,debit
49,2025-08-04,2693.92,Shopping,debit
59,2025-12-05,919.3,Rent,debit
42,2026-10-23,1815.18,Utilities,debit
60,2028-01-10,4283.33,Rent,debit
15,2026-01-09,1567.35,Transport,debit
62,2027-09-03,2366.63,Food,debit
62,2026-12-11,1979.0,Shopping,debit
47,2026-04-11,5213.85,Transport,debit
62,2028-01-18,5590.64,Transport,debit
51,2026-05-04,2456.43,EMI,debit
55,2025-02-16,2606.76,Transport,debit
64,2027-02-17,963.06,Food,debit
3,2027-11-06,2136.33,Utilities,debit
51,2026-12-12,3161.79,Food,debit
7,2026-02-05,915.85,Utilities,credit
21,2027-09-08,2183.28,Transport,debit
73,2028-01-15,4668.36,Transport,debit
39,2025-09-07,1364.86,Shopping,debit
18,2026-01-26,986.05,Utilities,debit
4,2025-12-01,1698.54,Transport,debit
60,2026-09-21,4684.88,EMI,debit
14,2025-05-17,1092.18,Rent,debit
9,2027-06-02,701.4,Shopping,debit
53,2026-11-19,2949.74,Food,debit
2,2027-04-07,7044.71,Shopping,debit
60,2026-12-28,293.39,Rent,debit
71,2026-08-17,3488.01,Utilities,credit
44,2027-09-17,1607.64,Food,debit
8,2026-01-07,1409.45,Food,debit
47,2027-07-24,2142.14,Utilities,debit
35,2027-09-22,1262.43,Subscription,debit
78,2026-02-06,3848.55,Subscription,credit
36,2026-09-07,942.26,Shopping,debit
50,2028-03-28,4343.12,Transport,credit
4,2028-03-21,2625.1,Subscription,debit
2,2027-09-22,1189.19,Shopping,credit
6,2026-09-12,2666.86,Subscription,debit
54,2025-07-07,1026.21,Rent,credit
4,2028-01-27,1318.63,EMI,debit
54,2025-05-11,2996.38,Transport,debit
63,2027-03-16,615.09,Shopping,debit
18,2028-04-09,808.6,EMI,debit
44,2027-07-25,2460.03,EMI,credit
34,2027-09-13,3362.15,Subscription,debit
74,2025-07-02,2215.16,Utilities,debit
62,2027-09-10,2179.87,Rent,debit
14,2025-12-30,1208.85,Rent,debit
48,2025-02-08,5771.66,Rent,debit
15,2026-05-12,2776.18,Transport,debit
72,2027-09-09,647.26,Food,debit
78,2027-07-10,3503.3,Transport,credit
62,2026-12-23,3119.68,Shopping,debit
40,2028-03-30,1547.26,EMI,debit
53,2025-01-16,1125.47,EMI,debit
24,2026-05-08,2819.2,Food,debit
26,2028-02-06,810.8,Shopping,debit
60,2027-06-13,1672.31,Food,debit
41,2025-11-07,1213.5,EMI,debit
29,2027-01-09,1213.29,Subscription,debit
15,2028-04-08,1716.6,Transport,credit
45,2026-06-30,2579.11,Rent,debit
65,2026-02-18,2360.67,EMI,debit
71,2025-09-08,3648.33,Utilities,credit
9,2027-01-29,2585.66,Rent,credit
1,2028-03-10,425.51,EMI,debit
8,2027-11-29,503.16,Transport,debit
63,2027-03-25,1653.11,Food,debit
11,2025-01-29,804.72,Subscription,credit
8,2027-08-16,1924.48,Subscription,credit
35,2026-04-22,1566.41,Rent,debit
35,2025-11-14,2663.77,Transport,debit
33,2025-09-02,1103.48,Subscription,debit
5,2027-01-18,3611.81,Subscription,credit
41,2026-11-28,2869.46,Shopping,debit
28,2025-09-29,7123.57,Utilities,debit
7,2026-01-12,3843.81,Rent,credit
73,2025-09-23,476.68,Food,debit
72,2027-07-15,1620.72,Subscription,debit
12,2027-07-10,353.13,Shopping,debit
34,2025-12-06,2935.16,Transport,debit
33,2026-01-24,3391.28,Subscription,debit
48,2026-07-31,917.55,Utilities,debit
23,2025-01-03,604.96,Food,debit
62,2028-03-11,4597.99,Transport,credit
37,2026-01-11,2183.02,Transport,debit
44,2025-11-20,3632.38,Rent,debit
35,2025-05-26,1115.93,Subscription,debit
65,2025-10-20,991.1,Rent,credit
47,2026-03-08,1083.75,Food,credit
78,2026-12-06,1305.52,Subscription,debit
3,2027-08-07,2043.25,EMI,debit
1,2026-08-08,1300.16,Subscription,debit
5,2026-02-03,2397.15,EMI,debit
14,2027-03-28,1456.4,Transport,debit
27,2027-08-22,918.56,Rent,credit
9,2028-03-09,1882.27,Utilities,credit
79,2025-07-06,3152.88,Subscription,debit
15,2025-03-02,987.86,Utilities,credit
42,2027-07-28,2664.67,Subscription,credit
77,2026-12-11,1695.28,Transport,debit
51,2027-03-18,329.42,Rent,debit
63,2025-01-11,3759.53,Food,credit
52,2027-12-22,1684.38,Food,debit
4,2025-08-14,3527.81,Food,credit
23,2028-03-22,2336.49,Subscription,credit
15,2026-07-18,511.28,Subscription,debit
43,2027-02-11,72.17,Utilities,credit
29,2027-06-04,594.69,Rent,debit
36,2028-02-05,65.89,Subscription,debit
13,2025-08-14,2497.95,Rent,debit
32,2027-04-05,2481.48,Utilities,debit
71,2025-08-06,489.28,Subscription,debit
59,2027-07-26,1548.33,Food,debit
28,2027-01-23,3579.53,Food,debit
66,2026-05-21,1227.25,Transport,debit
42,2025-09-16,4078.14,EMI,debit
45,2025-02-23,2136.81,Shopping,debit
62,2027-12-07,1578.85,EMI,credit
57,2026-12-28,2180.44,Subscription,credit
6,2026-11-20,1480.36,Rent,debit
28,2028-01-28,715.55,Subscription,credit
28,2027-11-10,670.89,Rent,debit
44,2026-02-23,3593.64,Rent,debit
30,2026-11-21,3266.1,EMI,debit
62,2027-04-30,2723.14,Shopping,debit
75,2025-03-03,1470.97,Transport,credit
62,2028-03-14,3031.17,EMI,debit
1,2025-08-04,1130.98,Shopping,debit
27,2025-01-03,2443.53,Food,debit
62,2025-06-09,1698.63,Food,debit
77,2027-02-20,3645.15,Rent,debit
3,2028-02-18,6225.94,Utilities,debit
70,2027-06-12,762.06,Subscription,debit
72,2028-01-18,2087.34,Subscription,debit
27,2025-11-25,9108.8,Rent,debit
9,2026-08-03,1568.66,Utilities,debit
62,2027-08-10,1547.55,Shopping,debit
37,2026-09-27,2186.57,Food,debit
51,2027-09-15,2532.28,Subscription,debit
44,2027-07-10,6626.82,EMI,debit
24,2027-01-08,3509.04,Utilities,credit
79,2025-06-19,1711.66,Shopping,debit
59,2026-06-05,4865.23,Food,credit
32,2025-02-09,1789.66,EMI,debit
52,2027-08-13,1575.62,Utilities,debit
62,2027-09-11,4192.2,Rent,credit
58,2028-02-22,2434.61,Rent,debit
52,2027-09-02,4110.5,Rent,debit
12,2025-02-07,7675.9,Subscription,debit
39,2025-11-24,534.34,Shopping,debit
2,2028-04-14,1606.95,Rent,debit
3,2027-07-03,1886.18,Subscription,credit
56,2026-03-30,609.34,Transport,debit
59,2025-02-06,2069.35,Subscription,debit
2,2027-08-31,2373.82,Food,credit
2,2027-03-07,186.75,Subscription,credit
54,2027-08-31,4693.11,Shopping,debit
1,2026-08-16,1323.14,EMI,debit
19,2028-02-12,2170.65,Subscription,credit
2,2027-11-30,4485.73,Rent,debit
53,2025-08-12,870.22,Food,debit
44,2025-11-14,2227.92,Utilities,credit
32,2025-12-15,722.42,Rent,debit
70,2025-04-25,2155.17,Food,debit
32,2026-11-29,1778.61,Transport,debit
68,2027-11-30,3371.46,Utilities,debit
55,2025-02-09,1937.8,Transport,credit
75,2025-08-04,673.35,EMI,debit
56,2028-03-16,518.29,Food,debit
17,2025-12-02,487.8,Transport,debit
38,2028-04-06,2022.27,EMI,debit
24,2025-04-02,2251.85,Food,debit
69,2025-12-19,1971.78,Food,debit
70,2026-07-25,2680.69,Transport,debit
11,2027-03-27,3199.14,Food,credit
16,2027-02-20,1331.97,Rent,debit
73,2025-12-29,941.58,Food,debit
59,2026-07-11,2992.63,Shopping,credit
70,2028-04-08,3153.65,EMI,debit
3,2025-12-22,1310.88,Food,debit
20,2025-07-10,2545.83,Shopping,credit
59,2026-02-26,1495.19,Food,debit
36,2026-12-01,902.73,Food,debit
19,2025-01-07,4134.2,Transport,debit
67,2025-05-13,6019.44,Rent,debit
19,2026-07-11,1587.37,EMI,credit
20,2027-04-06,2926.08,Rent,debit
71,2027-01-31,2450.64,Utilities,credit
52,2027-11-21,358.84,Transport,credit
33,2026-06-19,4342.53,Transport,debit
40,2026-03-02,2550.2,Rent,debit
39,2026-11-03,5733.94,Subscription,debit
1,2025-12-29,1293.63,Transport,debit
11,2025-03-23,1942.68,Rent,debit
57,2025-12-22,896.11,Transport,credit
50,2026-08-12,2045.07,Food,credit
23,2025-10-22,1873.26,Rent,debit
31,2027-12-06,254.68,Rent,debit
42,2028-02-11,7271.28,Shopping,credit
7,2025-01-17,689.48,Transport,debit
16,2025-12-26,2951.37,Transport,credit
60,2027-05-16,2514.19,Rent,debit
2,2026-12-01,5392.39,Food,debit
1,2026-03-24,5943.8,Food,credit
48,2027-05-06,796.74,EMI,debit
12,2025-12-31,1004.47,Food,credit
69,2026-11-06,3341.51,Transport,credit
37,2027-10-05,939.43,Subscription,debit
32,2026-04-12,7863.18,Shopping,debit
9,2026-02-18,2800.76,Rent,credit
19,2026-08-09,4532.56,Utilities,credit
48,2027-09-21,934.16,Shopping,debit
3,2026-07-26,4519.19,Subscription,credit
20,2025-12-01,496.07,Utilities,debit
24,2025-02-06,2293.01,Shopping,debit
54,2027-09-16,2233.55,Food,credit
33,2025-10-05,5458.94,Transport,debit
24,2027-07-05,1103.76,Subscription,credit
75,2026-04-29,7370.99,Utilities,debit
72,2027-01-01,3478.36,Subscription,debit
36,2025-07-11,2668.22,Shopping,debit
38,2027-11-07,3497.07,Transport,debit
25,2026-06-08,1795.98,Subscription,debit
18,2027-07-07,394.84,Utilities,debit
66,2026-02-05,732.75,Rent,debit
54,2027-06-05,3156.56,Shopping,debit
35,2026-12-06,1009.84,Rent,debit
61,2025-01-22,1355.67,Food,credit
41,2026-04-19,4363.7,Rent,debit
33,2028-02-18,2465.61,Rent,debit
68,2025-07-29,5284.24,EMI,debit
33,2025-11-02,1346.43,Shopping,debit
14,2026-12-05,1795.49,Food,debit
21,2026-11-18,4208.03,Rent,debit
48,2025-10-12,2733.88,Transport,debit
20,2026-12-17,7782.4,Utilities,debit
8,2027-02-02,746.42,Rent,credit
7,2027-08-06,802.61,Food,debit
67,2026-01-16,2371.47,Rent,debit
17,2026-04-05,2737.99,Utilities,debit
33,2027-10-28,847.2,Food,debit
48,2025-01-29,3828.43,Shopping,debit
76,2027-06-26,2999.66,Food,debit
59,2027-11-23,1189.84,Shopping,debit
22,2027-05-29,2308.53,Food,debit
30,2025-03-20,3747.16,Subscription,debit
38,2027-08-05,2300.34,Utilities,debit
51,2026-04-04,772.06,Utilities,debit
54,2026-07-24,665.58,Food,debit
8,2027-01-08,3375.18,Subscription,debit
27,2026-05-31,2176.75,Rent,debit
27,2028-01-28,1424.18,Utilities,debit
21,2026-02-01,1197.57,Shopping,debit
30,2025-02-08,1143.72,Shopping,debit
28,2027-06-06,1449.91,Transport,debit
64,2027-03-08,1726.4,EMI,debit
69,2025-06-06,1994.57,Subscription,debit
61,2028-01-04,842.22,EMI,debit
48,2027-06-03,819.6,EMI,debit
19,2028-02-28,1906.16,Shopping,debit
4,2027-09-01,2360.41,Transport,credit
35,2028-01-13,568.75,EMI,debit
64,2027-11-12,3823.42,EMI,debit
49,2027-04-29,1537.11,Food,credit
17,2027-01-18,3181.5,Food,credit
44,2027-09-16,3414.36,Food,debit
30,2025-01-21,2221.99,Rent,debit
46,2025-10-30,1518.27,EMI,debit
6,2027-05-19,3988.74,Rent,debit
37,2025-03-25,2913.0,Transport,debit
24,2026-07-24,2498.77,Subscription,debit
46,2027-07-23,1168.84,Shopping,debit
53,2028-03-31,2885.39,EMI,credit
60,2028-04-01,3542.55,Shopping,credit
63,2027-10-06,942.49,Subscription,debit
32,2027-03-04,4482.14,Food,debit
33,2027-03-03,3116.28,EMI,debit
67,2026-05-07,2624.85,Utilities,credit
18,2025-07-27,1611.55,Rent,debit
25,2027-12-20,5536.66,Rent,debit
54,2026-03-06,1035.39,EMI,debit
58,2027-09-12,2217.77,Subscription,debit
67,2026-06-04,1622.36,Food,debit
46,2026-08-14,594.81,Rent,credit
24,2027-11-17,954.24,Food,debit
32,2025-07-18,3360.19,Transport,debit
47,2026-01-22,6563.07,Shopping,debit
23,2025-12-15,3482.2,Subscription,debit
66,2027-08-18,2918.31,Utilities,credit
27,2026-11-24,6774.82,Shopping,credit
2,2026-01-13,873.63,Shopping,credit
17,2027-06-18,1135.24,Transport,credit
33,2027-07-05,2523.46,Rent,debit
9,2026-06-11,2241.38,Utilities,debit
43,2028-03-22,2279.47,Rent,debit
48,2027-01-04,1389.55,EMI,credit
39,2025-07-25,2305.28,Shopping,debit
42,2026-03-31,407.64,EMI,debit
26,2026-06-05,5251.98,Food,credit
50,2027-10-14,2547.71,Shopping,debit
25,2027-08-14,3587.7,Rent,debit
24,2026-12-27,2415.98,Shopping,debit
13,2027-10-11,3751.49,Food,debit
60,2026-05-16,2095.37,Transport,debit
7,2025-04-27,4610.28,EMI,credit
57,2026-01-21,905.71,EMI,debit
36,2026-08-07,4271.12,Rent,credit
45,2026-01-30,4269.66,Shopping,debit
20,2027-12-24,358.6,Rent,debit
65,2026-12-22,1079.79,Transport,debit
8,2025-03-13,3195.27,Shopping,debit
16,2025-10-01,2299.92,Shopping,debit
14,2025-12-04,1747.77,Rent,credit
76,2026-08-30,576.85,Rent,debit
15,2025-06-15,3871.08,Food,debit
66,2025-01-11,1931.45,Subscription,debit
32,2026-12-30,2015.8,Subscription,debit
63,2027-03-12,2300.41,Transport,debit
51,2025-04-12,2476.45,Subscription,debit
25,2027-02-18,980.61,Food,debit
58,2025-08-02,2048.45,EMI,credit
63,2028-01-17,3129.81,Shopping,debit
62,2026-02-05,977.3,Rent,debit
22,2026-08-11,4812.61,Shopping,debit
58,2027-06-08,4107.47,Shopping,debit
58,2027-12-06,1546.99,Utilities,debit
49,2026-08-15,1649.52,EMI,debit
52,2028-01-15,3003.74,Utilities,credit
42,2025-04-02,2718.57,Subscription,debit
70,2026-11-04,1264.19,Shopping,debit
15,2026-12-15,4682.28,Rent,debit
54,2027-07-25,2094.91,Shopping,debit
60,2025-08-30,570.65,EMI,debit
8,2025-01-02,1254.93,Utilities,credit
53,2025-08-13,485.58,Rent,debit
60,2027-03-12,13775.08,Shopping,credit
5,2026-08-12,481.63,Transport,debit
68,2025-04-26,1871.84,EMI,debit
6,2027-07-07,1128.83,EMI,debit
47,2028-02-01,289.12,Transport,debit
55,2025-07-13,5675.25,Shopping,debit
40,2028-04-04,995.15,EMI,debit
52,2027-05-21,3392.79,Rent,credit
16,2025-03-31,745.68,Shopping,debit
13,2025-05-02,3310.46,Shopping,debit
30,2025-05-23,251.18,Utilities,credit
19,2027-09-21,5922.89,EMI,credit
17,2025-04-16,1680.99,EMI,debit
63,2027-06-06,725.64,Transport,debit
19,2026-03-04,5105.73,Utilities,credit
58,2025-11-13,1280.73,Subscription,debit
55,2026-09-27,508.94,Utilities,debit
62,2025-01-09,2349.57,EMI,debit
23,2027-02-13,1404.95,Shopping,debit
9,2028-01-02,2136.79,Utilities,debit
12,2025-08-11,3243.16,Transport,debit
1,2026-07-07,1485.7,Utilities,debit
58,2026-12-17,3742.04,Transport,debit
1,2028-01-13,3389.48,Subscription,debit
34,2025-04-21,29.34,Utilities,credit
48,2025-09-08,4622.8,Transport,credit
1,2026-01-18,1752.0,Utilities,debit
16,2025-01-07,3219.71,Subscription,debit
61,2026-04-04,1152.76,Utilities,debit
64,2028-01-13,2214.79,Rent,debit
63,2025-07-27,1226.95,Transport,debit
69,2027-06-19,1220.33,Subscription,debit
22,2025-01-22,1213.93,Transport,credit
67,2026-02-14,845.92,Transport,debit
76,2027-06-14,5288.61,Food,debit
26,2026-05-30,1343.46,Subscription,debit
16,2028-02-25,1239.79,Utilities,debit
51,2027-03-20,3366.7,Transport,credit
57,2027-05-24,535.5,EMI,debit
29,2025-01-14,1363.59,Food,debit
78,2027-08-29,1500.83,Rent,credit
69,2027-09-05,784.27,Transport,debit
47,2027-10-11,330.16,Transport,credit
62,2027-11-02,2213.35,Food,debit
69,2025-03-28,2830.52,Utilities,debit
76,2027-06-28,1781.75,EMI,debit
16,2025-05-02,5211.94,Rent,debit
48,2028-03-16,2523.0,Transport,debit
39,2027-01-20,1925.64,Utilities,debit
33,2026-11-16,2778.6,Subscription,debit
23,2025-11-05,1420.08,EMI,debit
10,2026-11-26,3843.63,Subscription,debit
69,2025-10-15,1482.06,EMI,debit
34,2025-11-03,1368.98,Rent,debit
52,2027-07-03,2522.79,Shopping,debit
10,2026-10-24,1382.22,EMI,debit
19,2026-07-03,272.34,Shopping,credit
58,2025-11-08,2865.44,Subscription,debit
1,2027-05-23,3499.78,EMI,debit
69,2027-12-19,1677.82,Rent,debit
4,2027-07-13,2423.48,Food,debit
16,2027-01-25,1539.87,Rent,debit
24,2025-02-04,2211.08,Rent,credit
2,2026-03-21,905.67,Food,credit
32,2025-04-03,8057.96,Food,debit
24,2025-12-19,6718.95,Utilities,debit
12,2027-06-22,785.28,EMI,debit
50,2027-05-12,1926.25,Subscription,debit
35,2025-06-08,2304.19,Utilities,debit
33,2027-08-15,2377.77,Food,debit
33,2025-01-24,3904.42,Shopping,debit
61,2026-02-08,1250.79,Subscription,credit
51,2027-03-16,2735.44,Shopping,debit
43,2026-05-31,1729.41,Rent,debit
12,2027-01-02,555.86,Transport,credit
67,2026-06-16,3253.65,Rent,debit
65,2027-08-14,1916.58,Rent,credit
33,2025-06-01,1650.9,Transport,debit
40,2027-08-05,1831.1,EMI,debit
74,2026-08-31,3298.63,Food,credit
43,2026-02-24,1070.34,Shopping,debit
44,2028-02-15,601.54,Rent,debit
29,2027-05-16,1308.99,Transport,debit
13,2026-08-01,2346.3,Utilities,debit
12,2025-12-01,1252.99,Rent,debit
46,2027-07-21,2574.43,Shopping,credit
2,2025-10-22,2732.29,Food,credit
35,2027-01-25,1750.73,Rent,credit
8,2025-07-05,2695.16,Rent,debit
26,2026-09-29,1935.13,EMI,debit
74,2026-06-14,2068.74,Transport,debit
34,2025-01-21,2645.85,Utilities,credit
7,2027-06-30,2152.86,Utilities,debit
68,2027-05-17,493.43,Subscription,debit
58,2027-03-05,5976.89,Food,debit
75,2025-04-10,2190.48,Subscription,debit
29,2027-01-22,982.14,Shopping,debit
36,2026-04-23,2753.72,Food,credit
21,2027-07-29,6172.03,Rent,credit
36,2026-06-10,1176.46,Rent,debit
10,2025-11-30,7138.29,Utilities,debit
73,2025-01-02,3448.07,Shopping,credit
24,2026-01-10,375.6,Transport,debit
64,2025-10-20,7471.66,Shopping,debit
49,2027-04-17,379.31,Rent,debit
36,2027-10-02,2274.15,Transport,debit
24,2026-07-07,1799.67,Shopping,debit
23,2025-11-14,810.44,Shopping,debit
62,2026-01-16,3076.27,Transport,debit
37,2025-01-14,4765.51,Rent,debit
12,2026-05-19,531.82,Shopping,credit
55,2025-08-19,5462.51,Transport,credit
13,2028-01-13,3418.9,EMI,credit
23,2025-05-10,5218.98,EMI,debit
30,2027-04-18,1961.51,Rent,debit
17,2028-03-14,7357.07,Transport,debit
62,2027-06-10,2593.32,EMI,credit
13,2025-01-28,2497.83,Transport,debit
59,2025-03-07,2437.24,Shopping,debit
19,2028-04-01,445.97,Rent,debit
49,2025-09-18,3054.45,EMI,debit
12,2026-04-05,711.68,Subscription,debit
61,2025-10-28,839.51,Shopping,credit
19,2027-07-08,273.57,Subscription,credit
76,2025-10-14,344.17,Subscription,debit
9,2027-10-31,4696.8,Food,credit
71,2026-09-22,1799.44,Food,debit
28,2025-09-27,2556.56,Rent,debit
78,2026-08-15,3928.86,EMI,debit
52,2027-04-24,1045.72,EMI,debit
16,2027-05-12,1211.04,EMI,debit
69,2025-05-13,4168.55,Transport,credit
12,2027-08-30,1416.86,Shopping,debit
25,2026-05-28,4940.75,EMI,debit
52,2025-11-09,1996.65,Shopping,debit
53,2026-07-30,4688.78,Rent,credit
23,2027-06-05,1446.56,Subscription,debit
16,2028-02-19,5037.66,EMI,debit
57,2028-02-05,592.24,Rent,debit
39,2026-11-18,2737.3,EMI,debit
53,2025-06-14,1352.88,Food,debit
42,2025-11-01,1953.01,Utilities,debit
58,2025-06-05,3373.44,Rent,debit
39,2026-09-12,1764.2,EMI,debit
14,2027-08-15,3640.93,Utilities,credit
5,2025-11-30,3880.99,Rent,debit
35,2027-08-27,1842.99,Transport,debit
75,2026-05-26,3467.52,EMI,credit
18,2027-11-10,1608.21,Transport,debit
76,2025-10-09,2250.74,Food,credit
9,2027-03-08,3113.51,EMI,debit
74,2027-10-22,1245.99,Subscription,debit
58,2025-04-29,514.28,Food,debit
17,2027-11-25,1018.12,Utilities,credit
7,2025-07-17,1351.05,Rent,debit
46,2026-04-30,4065.4,Shopping,debit
13,2027-12-19,1538.57,Food,credit
40,2027-04-17,3519.58,Shopping,debit
42,2028-03-30,128.54,Shopping,debit
9,2027-10-06,761.64,Rent,debit
50,2026-11-22,1421.41,Utilities,debit
27,2027-11-02,5226.71,Rent,debit
66,2026-05-05,2260.02,EMI,debit
5,2025-10-03,826.42,Food,debit
29,2026-11-24,314.42,Shopping,debit
37,2025-08-30,2526.11,Rent,credit
38,2025-05-06,921.68,Rent,credit
8,2025-08-05,1131.9,Rent,debit
65,2027-11-29,799.11,Food,credit
17,2026-05-10,935.35,Utilities,debit
71,2026-03-03,638.65,Subscription,debit
45,2027-07-08,1940.18,Rent,credit
4,2025-05-31,2364.76,Food,debit
36,2026-01-19,953.96,Shopping,debit
70,2025-11-04,6022.65,EMI,credit
31,2027-01-16,2938.94,Subscription,debit
19,2027-06-11,241.59,Transport,credit
61,2026-01-10,2213.45,Subscription,debit
54,2027-10-29,2504.24,Subscription,debit
39,2025-05-09,2601.21,Food,debit
74,2027-10-12,1931.16,Transport,debit
19,2026-10-31,3399.41,Rent,credit
39,2026-06-01,4256.42,Rent,debit
67,2025-03-27,2953.23,Subscription,debit
45,2028-04-13,4861.15,Food,debit
13,2025-11-07,3832.04,Transport,debit
58,2028-02-17,1673.56,Rent,debit
20,2026-03-03,2592.35,Shopping,credit
72,2025-04-24,3033.72,Utilities,debit
61,2028-03-14,4142.94,Utilities,debit
39,2025-10-30,1849.96,Rent,credit
1,2027-01-14,2441.54,Transport,debit
3,2026-08-11,302.81,EMI,debit
77,2027-09-14,1423.51,Rent,credit
62,2025-12-11,83.44,EMI,debit
63,2027-03-25,907.33,EMI,debit
25,2027-03-12,1128.02,Transport,debit
56,2027-10-22,3023.21,EMI,credit
33,2028-03-16,1049.81,Shopping,credit
38,2027-12-13,1943.84,Transport,credit
6,2027-12-29,2603.72,Rent,debit
58,2025-12-27,1897.98,Subscription,debit
44,2027-10-07,1239.0,Shopping,debit
45,2026-12-05,5478.58,Food,debit
32,2026-07-29,3538.17,Utilities,debit
45,2028-03-30,1804.62,Rent,credit
61,2028-01-18,1447.98,Rent,credit
47,2026-11-19,2530.1,Rent,debit
21,2027-02-20,2511.83,Shopping,debit
75,2026-08-08,2165.38,Food,debit
36,2026-08-12,1230.37,Subscription,debit
19,2028-03-28,171.39,Transport,credit
20,2026-05-04,2510.04,Food,credit
57,2027-08-29,998.06,Shopping,debit
18,2028-01-31,5359.15,Rent,debit
47,2026-05-09,734.68,Utilities,debit
49,2025-01-19,1502.97,Rent,debit
14,2026-02-01,5248.15,Transport,debit
15,2027-09-28,1495.15,EMI,debit
31,2027-05-01,1005.74,Utilities,debit
1,2027-04-02,4134.63,Rent,credit
54,2026-03-31,4959.94,Subscription,debit
3,2026-12-26,324.51,Utilities,debit
16,2027-12-25,3844.42,EMI,debit
57,2028-01-05,3651.1,Food,debit
75,2026-12-12,1754.02,Shopping,debit
12,2025-05-23,748.66,Rent,debit
74,2027-07-06,5493.96,Transport,debit
16,2027-04-08,171.12,Food,debit
72,2026-08-28,986.38,Rent,credit
76,2025-11-01,3366.2,Food,debit
24,2027-01-06,322.51,Transport,credit
28,2025-10-18,1578.44,Rent,debit
8,2025-04-12,1767.21,EMI,debit
36,2027-05-17,4788.61,EMI,debit
8,2027-08-26,3377.87,Transport,debit
58,2027-09-01,3549.96,Utilities,credit
60,2027-04-22,353.25,Transport,debit
50,2027-08-20,1624.46,Utilities,credit
28,2027-07-31,2772.67,Rent,credit
41,2027-10-24,4262.6,Utilities,debit
64,2025-03-26,547.76,Rent,debit
27,2025-11-24,1540.75,Rent,debit
63,2027-03-27,6612.38,Subscription,credit
17,2026-03-30,1075.9,Shopping,credit
73,2026-09-21,3064.42,Rent,debit
33,2028-03-23,3731.64,Utilities,credit
77,2026-10-27,3086.05,Shopping,debit
29,2025-01-12,4087.15,Shopping,debit
13,2028-03-02,325.61,Rent,debit
46,2025-10-31,3161.09,Transport,debit
35,2027-09-02,1718.71,Transport,credit
6,2027-02-22,1943.41,EMI,debit
69,2025-02-12,2394.6,Shopping,debit
47,2027-08-02,2847.73,Rent,debit
25,2025-12-09,1699.45,Subscription,debit
66,2026-05-13,2007.47,Transport,debit
10,2025-12-30,376.98,Subscription,debit
56,2027-06-10,474.69,Rent,debit
30,2026-03-03,3706.42,Rent,debit
5,2027-10-02,4414.73,Shopping,debit
33,2025-01-21,4119.01,Subscription,debit
65,2026-02-11,2324.23,EMI,debit
18,2026-09-11,5390.67,Shopping,debit
49,2027-10-12,4908.31,Food,debit
11,2025-12-02,4339.15,Subscription,debit
26,2028-02-15,1971.49,Transport,debit
63,2028-02-22,3194.93,Transport,debit
59,2026-02-03,2009.05,Transport,credit
27,2027-03-04,2329.64,Utilities,credit
49,2026-12-16,3190.48,Rent,debit
77,2025-02-20,5669.71,Shopping,debit
33,2025-11-20,2601.86,Transport,credit
1,2027-02-28,572.29,Food,debit
21,2025-05-21,7849.83,Transport,debit
55,2026-04-15,1735.1,EMI,credit
6,2027-02-26,608.56,Rent,debit
69,2027-08-22,2401.0,Subscription,debit
5,2027-10-05,3330.6,Rent,debit
3,2026-01-08,4452.58,Subscription,debit
53,2026-05-09,2501.28,Subscription,debit
23,2027-01-21,1418.19,Shopping,debit
53,2028-03-25,2411.1,Utilities,debit
37,2025-10-18,2337.52,Subscription,debit
74,2028-03-13,3376.08,Subscription,debit
74,2025-04-16,2065.34,Shopping,debit
17,2026-11-01,9175.76,Transport,debit
78,2025-01-02,4528.68,EMI,debit
73,2026-08-12,1317.07,Food,debit
1,2026-10-06,1203.5,Shopping,credit
51,2025-03-31,1167.09,Utilities,debit
45,2025-12-16,3044.25,Shopping,debit
77,2028-02-06,2253.49,Rent,debit
4,2027-11-29,979.52,Transport,debit
62,2027-06-28,250.28,Transport,debit
65,2025-06-08,1537.8,Subscription,debit
32,2027-08-17,3198.88,Transport,debit
34,2025-11-08,662.13,Transport,debit
72,2026-03-21,1568.54,Transport,credit
39,2025-10-25,4580.07,Transport,credit
26,2027-08-10,82.02,Food,debit
34,2025-02-05,1427.98,Utilities,debit
54,2028-01-13,1339.93,Subscription,debit
3,2028-04-10,511.26,Transport,debit
50,2026-07-13,586.49,Subscription,debit
12,2027-06-10,3629.42,Utilities,debit
65,2025-05-21,5341.68,EMI,credit
54,2027-06-06,1093.99,Transport,debit
5,2028-02-16,4003.28,Subscription,debit
57,2026-12-27,2185.86,Shopping,debit
17,2027-11-16,1847.52,Subscription,debit
47,2026-06-05,5477.44,Transport,debit
23,2025-01-10,1049.44,Rent,debit
79,2027-09-11,1274.67,Food,credit
14,2026-01-13,750.81,Shopping,debit
66,2026-11-13,3058.56,Shopping,debit
75,2026-08-07,5390.27,Rent,credit
51,2025-06-01,2607.16,Transport,debit
38,2026-12-21,6928.06,Food,debit
64,2027-12-09,4210.29,Shopping,credit
38,2028-03-23,4739.42,Food,debit
50,2027-05-09,2636.18,Shopping,debit
30,2025-02-19,1090.65,Transport,debit
79,2026-10-26,2067.25,EMI,credit
51,2026-06-15,4890.13,Shopping,debit
63,2027-12-20,1618.6,EMI,debit
52,2028-04-05,3990.12,Shopping,debit
38,2027-05-07,924.61,Utilities,debit
79,2025-05-26,3891.05,Transport,debit
30,2027-07-04,2382.41,Rent,debit
51,2027-09-20,1678.51,EMI,debit
5,2025-08-30,2349.24,Rent,debit
29,2026-08-04,3578.13,Transport,credit
4,2026-11-18,4618.62,Subscription,debit
10,2026-04-28,1249.48,Rent,debit
56,2028-02-06,1563.99,Transport,credit
17,2026-11-04,3377.01,Rent,debit
74,2026-09-23,8824.72,EMI,debit
17,2026-10-23,7969.53,Utilities,credit
69,2026-10-24,4903.21,Rent,debit
34,2027-03-16,5835.94,EMI,debit
6,2026-02-23,1031.13,Shopping,debit
53,2027-09-15,926.36,Transport,debit
66,2028-03-29,816.59,Food,debit
77,2026-10-12,1015.18,Subscription,debit
43,2027-08-27,3294.96,Food,debit
75,2026-08-13,2294.75,Transport,debit
23,2028-01-06,3660.53,Utilities,debit
55,2026-05-24,5396.49,Rent,debit
75,2026-03-17,2610.67,Utilities,credit
16,2027-07-10,2272.91,Food,debit
8,2027-02-09,7058.21,Subscription,credit
4,2025-09-20,1594.03,EMI,debit
4,2026-09-29,644.21,Subscription,debit
56,2028-04-05,3192.83,Transport,debit
25,2026-04-04,1401.52,Transport,debit
67,2027-09-26,2527.76,Utilities,debit
67,2026-12-01,1021.23,EMI,debit
27,2025-10-29,3277.85,Utilities,debit
32,2028-01-31,2210.2,Rent,debit
50,2026-07-08,2136.9,Shopping,debit
61,2025-10-15,3699.01,EMI,debit
51,2028-04-05,5508.7,Shopping,debit
19,2026-09-13,6666.4,Subscription,debit
21,2027-10-03,3659.66,Rent,debit
5,2025-02-05,2329.58,Shopping,debit
42,2027-01-14,2351.81,Food,debit
61,2025-12-19,4290.13,Subscription,credit
22,2025-03-14,981.18,Shopping,debit
21,2026-10-10,1190.28,Rent,debit
70,2027-12-30,382.66,Shopping,debit
1,2026-03-01,4517.02,Transport,credit
5,2027-09-26,5967.84,Utilities,debit
12,2026-12-09,3681.4,Food,credit
46,2026-07-15,464.53,Transport,debit
34,2027-04-08,3243.13,Transport,debit
49,2027-08-14,1643.54,Rent,credit
78,2026-06-01,2820.98,Utilities,debit
45,2026-03-04,6789.55,Utilities,debit
27,2025-06-09,1137.38,EMI,credit
73,2025-05-29,3700.24,Subscription,credit
26,2027-02-15,2029.82,Food,debit
47,2025-03-08,2377.37,Subscription,debit
56,2027-10-11,528.03,Rent,credit
63,2026-01-16,1681.92,Food,debit
48,2025-02-27,801.94,EMI,credit
61,2025-12-08,3841.29,Shopping,debit
26,2028-02-28,2438.03,Transport,debit
36,2026-12-28,3346.97,Food,credit
1,2028-04-10,1153.59,Subscription,debit
8,2027-02-09,1509.6,Transport,debit
52,2026-09-06,4251.45,Rent,debit
79,2025-12-20,1828.45,Subscription,debit
47,2025-04-26,1462.53,Shopping,debit
56,2026-10-24,3871.9,Rent,credit
14,2026-03-29,1175.92,Shopping,debit
28,2025-10-14,1541.92,Shopping,debit
78,2027-10-14,2233.72,Transport,credit
2,2025-11-07,3115.04,Rent,debit
26,2025-07-27,1913.68,Rent,debit
14,2026-09-10,584.88,Food,debit
59,2026-03-22,3458.61,Subscription,credit
56,2026-11-01,4967.53,Rent,debit
7,2026-09-25,1428.39,Food,debit
3,2025-02-24,1803.92,Utilities,debit
23,2027-07-01,893.37,Utilities,debit
18,2027-11-02,2306.41,Utilities,debit
38,2026-10-19,1057.27,EMI,debit
15,2027-09-07,5833.92,Rent,debit
64,2026-05-30,1732.8,EMI,credit
28,2025-08-25,1561.67,Subscription,debit
74,2025-12-14,1693.38,Rent,debit
39,2026-09-19,1162.76,Food,debit
57,2028-02-02,2542.31,EMI,debit
17,2026-09-22,1673.95,EMI,debit
44,2025-12-30,3955.92,Subscription,debit
25,2025-11-17,2534.39,EMI,debit
17,2025-10-13,3244.19,Shopping,debit
13,2025-05-29,3491.6,Food,debit
25,2028-01-13,4956.37,Utilities,debit
68,2026-02-10,1497.26,Food,debit
10,2027-09-05,1235.43,Shopping,debit
67,2026-04-01,1417.52,Subscription,debit
18,2027-03-11,2201.59,Subscription,debit
34,2028-03-30,2716.12,Rent,debit
8,2027-10-10,1000.98,Food,credit
40,2027-02-23,1334.79,Subscription,debit
42,2026-04-05,2724.0,EMI,debit
41,2027-01-08,2470.86,Subscription,debit
6,2026-05-24,1582.59,Subscription,debit
52,2026-04-26,593.44,Subscription,debit
26,2025-04-24,2442.78,Subscription,credit
64,2027-01-19,3402.6,Utilities,debit
59,2025-12-27,3288.4,Utilities,credit
56,2025-12-07,1787.97,Rent,credit
59,2027-02-09,1039.69,Subscription,debit
70,2027-01-31,739.19,Food,debit
33,2027-08-27,977.26,Shopping,debit
53,2026-03-25,2956.07,Rent,debit
22,2027-04-15,1690.22,Food,credit
21,2025-11-07,2119.94,Subscription,debit
70,2025-09-19,398.93,Transport,credit
70,2026-02-10,4062.29,Subscription,debit
4,2025-05-23,4893.3,Utilities,credit
75,2025-12-08,1166.76,Shopping,credit
62,2028-01-30,5631.5,EMI,debit
62,2025-09-01,1496.69,Shopping,debit
24,2026-05-05,901.5,EMI,debit
55,2025-01-12,1091.18,Shopping,credit
9,2026-07-15,1394.98,Utilities,credit
3,2025-02-11,1276.77,EMI,credit
31,2026-11-09,1590.48,Food,debit
40,2026-08-17,1172.55,EMI,debit
36,2028-03-27,3729.39,Rent,credit
24,2025-05-14,1324.97,Food,debit
6,2027-12-27,449.9,Rent,credit
66,2027-10-28,819.76,Subscription,debit
75,2027-08-06,1678.96,Shopping,debit
4,2025-03-14,1865.38,Food,debit
79,2026-02-03,3857.41,Shopping,debit
6,2026-08-01,1797.91,Subscription,debit
51,2027-05-09,2420.32,Transport,debit
62,2025-05-10,1477.17,Shopping,debit
57,2027-07-20,2511.8,Subscription,debit
66,2025-09-23,397.56,Shopping,debit
79,2027-03-04,2570.53,Subscription,debit
75,2025-09-10,1636.62,Rent,credit
8,2027-04-02,3989.55,Subscription,debit
26,2025-06-13,4195.04,EMI,credit
51,2025-04-05,2784.38,Transport,debit
45,2027-04-13,1485.48,Shopping,debit
44,2028-02-08,1556.68,Subscription,debit
5,2025-12-02,843.15,Subscription,debit
70,2027-04-02,1736.41,Shopping,debit
26,2025-08-26,543.57,Transport,debit
68,2026-01-16,1710.74,Transport,debit
19,2027-06-18,3860.27,Subscription,debit
20,2026-04-28,1375.69,Food,debit
12,2027-06-21,2573.59,Rent,debit
47,2027-11-15,3194.11,Transport,debit
1,2028-02-15,3666.24,Transport,debit
14,2026-04-27,1368.64,Utilities,debit
64,2027-07-06,857.49,EMI,debit
38,2027-09-21,751.24,Transport,debit
37,2027-08-22,909.26,Rent,credit
11,2026-06-21,1457.0,EMI,credit
77,2028-01-08,527.65,EMI,debit
3,2028-04-11,1108.75,Shopping,debit
33,2027-11-02,4095.34,Shopping,debit
6,2025-05-08,3882.0,Shopping,debit
50,2025-04-02,238.58,Shopping,debit
10,2026-06-27,8616.97,Utilities,debit
5,2027-04-26,4766.45,Transport,debit
23,2027-09-16,520.08,Shopping,debit
10,2026-03-23,2095.11,Subscription,debit
44,2026-01-25,1358.39,Food,debit
2,2026-11-03,1243.94,Shopping,debit
13,2025-02-12,494.68,Transport,debit
40,2025-09-11,3643.87,Shopping,debit
2,2028-02-28,3607.42,Utilities,debit
65,2027-12-20,2629.0,Rent,debit
63,2026-10-25,6753.36,Rent,debit
73,2026-04-12,1767.87,Transport,debit
17,2025-10-14,1132.3,Subscription,credit
9,2027-10-08,853.14,Rent,debit
75,2027-02-17,964.32,Rent,credit
15,2025-12-11,4695.15,Food,debit
24,2026-10-04,2660.14,Transport,debit
38,2026-01-17,1457.25,Subscription,debit
35,2026-11-21,1181.27,Transport,debit
49,2027-12-16,3390.17,Rent,debit
69,2026-04-02,611.27,Rent,debit
62,2027-09-10,739.29,Rent,credit
60,2025-03-24,3655.68,EMI,credit
50,2028-01-28,2575.25,Utilities,debit
78,2025-05-29,856.19,Shopping,debit
75,2028-03-25,2175.72,Utilities,debit
9,2025-07-09,965.0,Transport,debit
34,2027-06-02,2110.81,Food,credit
76,2025-09-20,1916.03,Shopping,credit
35,2028-01-09,1361.67,Food,credit
1,2026-02-04,1364.67,Subscription,debit
40,2027-02-03,787.19,EMI,debit
64,2026-09-01,1483.84,Transport,debit
22,2027-02-24,5333.35,EMI,credit
60,2025-04-11,2014.04,Transport,debit
64,2027-03-31,7349.89,Food,debit
72,2027-03-31,368.06,Food,debit
11,2026-02-24,1284.24,Food,credit
14,2025-05-04,2990.09,Transport,debit
60,2026-02-26,8617.54,Rent,debit
30,2027-12-23,517.35,Food,credit
35,2027-02-07,1945.07,EMI,credit
37,2026-04-28,2801.12,Subscription,debit
5,2026-06-03,4790.9,Shopping,debit
78,2025-06-04,1297.3,Transport,credit
26,2025-04-02,1608.25,EMI,credit
62,2027-09-09,811.05,Utilities,debit
4,2026-03-31,1513.04,Subscription,debit
42,2026-08-21,1760.72,Utilities,debit
18,2026-05-25,2695.4,Shopping,credit
40,2026-01-21,3426.69,Rent,debit
72,2026-02-09,614.2,Food,debit
39,2025-09-03,1144.92,Transport,debit
14,2027-01-12,2578.63,EMI,credit
32,2026-10-23,407.31,Food,debit
51,2026-10-12,5938.15,EMI,debit
38,2027-06-20,4481.83,Transport,debit
23,2025-03-06,2836.06,Utilities,debit
63,2027-11-03,3269.41,Food,debit
15,2025-08-01,4250.91,Shopping,debit
25,2025-08-30,4407.08,Rent,debit
17,2026-05-08,2897.78,Shopping,credit
66,2025-12-04,681.75,Rent,debit
78,2025-06-22,2540.65,Subscription,debit
53,2026-11-03,4538.02,EMI,debit
51,2025-06-13,2270.27,Food,debit
39,2026-04-10,3699.13,Food,debit
51,2027-09-22,3296.3,Subscription,credit
70,2026-05-12,3681.74,Rent,debit
6,2026-12-01,1324.32,Utilities,debit
67,2026-01-30,3608.65,Transport,credit
7,2026-12-04,989.99,Shopping,debit
51,2025-11-04,996.87,Subscription,credit
72,2025-07-02,1473.01,EMI,debit
42,2026-09-21,3148.48,Subscription,debit
64,2026-05-25,2483.66,Shopping,debit
15,2026-06-30,2330.04,Shopping,debit
29,2026-09-16,1649.12,EMI,debit
33,2026-08-17,1982.41,EMI,debit
27,2027-01-14,807.85,Food,debit
36,2026-07-08,763.92,Shopping,credit
29,2025-01-21,3047.92,Transport,debit
38,2026-07-08,262.62,Transport,credit
57,2026-02-01,4855.1,Rent,debit
27,2026-09-17,2371.97,Subscription,debit
55,2025-04-15,1397.3,EMI,credit
33,2025-07-11,108.27,Food,debit
68,2025-01-17,1003.23,Transport,credit
66,2028-02-18,1728.49,Utilities,debit
10,2026-01-28,239.98,Food,debit
5,2026-03-01,1448.82,Food,debit
74,2025-05-09,4355.41,Transport,debit
38,2028-02-28,1946.3,Utilities,debit
13,2026-07-26,4899.9,Rent,debit
31,2025-01-29,1033.6,Transport,debit
47,2028-01-26,416.29,Utilities,debit
52,2027-10-31,2822.28,Food,debit
56,2025-08-30,3248.19,Utilities,debit
15,2025-08-20,4225.53,Food,debit
29,2027-02-28,5176.83,Subscription,credit
8,2026-12-16,1940.62,Transport,credit
5,2027-01-29,4599.01,EMI,debit
29,2027-03-13,9706.75,Transport,credit
47,2027-02-15,3793.98,Subscription,debit
68,2026-12-27,1044.64,Shopping,credit
76,2025-07-19,1963.08,Shopping,debit
45,2027-08-03,2764.46,Shopping,debit
2,2025-03-20,2648.71,Transport,debit
27,2027-08-14,1734.46,Rent,debit
36,2027-05-06,5560.79,Transport,debit
36,2028-04-11,399.62,Subscription,debit
26,2026-04-12,2060.38,Subscription,credit
43,2026-08-04,2707.02,EMI,debit
27,2027-07-29,1100.47,Utilities,debit
69,2026-03-25,4395.47,Transport,debit
20,2025-03-28,2538.33,Transport,debit
11,2025-04-11,2284.38,Food,debit
74,2027-10-29,3136.73,Subscription,debit
38,2027-04-25,2303.04,Food,debit
6,2025-03-28,3554.02,Food,debit
72,2025-02-12,189.65,Transport,debit
23,2026-02-12,294.88,Rent,credit
47,2026-10-26,3846.82,Utilities,credit
46,2027-11-07,1998.22,Utilities,debit
12,2025-05-28,1076.97,Subscription,debit
13,2025-10-04,2516.26,EMI,debit
62,2025-08-20,1953.3,Subscription,debit
60,2026-01-01,988.47,Rent,debit
43,2026-03-12,7780.88,Rent,debit
76,2026-02-03,5587.29,Utilities,credit
68,2026-05-14,1225.32,Shopping,debit
5,2026-06-24,1240.94,Food,debit
37,2026-07-17,1032.36,Food,debit
72,2026-03-18,1439.64,Utilities,debit
31,2027-02-12,3358.26,Subscription,debit
9,2025-12-16,2172.88,Rent,debit
51,2026-06-04,1420.01,Subscription,debit
29,2025-05-18,1817.87,EMI,debit
78,2027-09-19,1432.73,Shopping,debit
40,2026-01-03,945.8,Utilities,debit
41,2025-12-26,792.8,Food,debit
11,2027-07-10,741.13,Transport,debit
23,2025-11-25,2479.93,Subscription,debit
1,2027-08-20,4137.66,Rent,credit
46,2026-04-08,2270.9,Transport,debit
21,2027-08-04,229.36,EMI,credit
36,2027-08-21,2431.35,Utilities,credit
54,2027-04-16,1181.15,Subscription,debit
57,2025-06-18,809.02,Food,debit
1,2025-08-05,525.77,Subscription,credit
63,2026-01-13,807.0,Shopping,debit
54,2025-04-29,830.85,Transport,debit
55,2025-07-09,394.33,Shopping,credit
40,2027-02-06,831.61,EMI,debit
15,2026-01-05,2935.59,Food,debit
21,2025-05-29,4714.35,Transport,debit
47,2026-10-14,251.99,EMI,credit
73,2027-02-09,3673.81,Shopping,debit
53,2026-01-09,1737.54,Shopping,debit
9,2027-02-20,549.26,Transport,credit
74,2025-06-09,1410.23,Food,debit
52,2025-12-17,2822.21,Shopping,debit
57,2027-06-11,2040.75,Utilities,debit
26,2026-06-07,336.47,EMI,debit
41,2026-06-06,1912.84,Transport,debit
35,2027-02-22,3365.45,Rent,debit
63,2025-09-30,3003.79,Rent,debit
25,2027-07-25,1457.37,Food,credit
75,2025-07-02,1976.95,Utilities,debit
38,2026-05-03,1524.81,Shopping,debit
2,2027-04-26,2877.1,Rent,debit
7,2025-05-04,3006.06,Food,credit
34,2027-09-12,168.07,EMI,debit
17,2027-03-01,3383.0,Utilities,debit
43,2026-02-18,2744.99,Utilities,debit
59,2028-04-10,1168.42,Subscription,debit
51,2026-11-17,4058.24,Food,debit
54,2025-04-23,1526.39,Food,debit
24,2027-06-07,971.07,Subscription,debit
25,2025-05-02,1183.2,Shopping,credit
71,2025-02-08,2075.73,Food,debit
52,2026-05-12,1405.55,Subscription,debit
70,2027-02-19,1155.18,Shopping,debit
33,2027-08-01,1000.78,Shopping,credit
49,2025-05-29,3098.27,Transport,debit
29,2027-10-19,2927.21,Utilities,credit
63,2026-10-23,240.5,EMI,credit
22,2025-10-29,1246.87,Utilities,debit
26,2025-08-26,3320.88,Utilities,debit
28,2026-10-09,1880.0,Transport,debit
49,2026-10-25,3479.24,Shopping,debit
71,2025-08-24,4275.64,Shopping,debit
49,2025-07-22,4248.33,Food,debit
20,2025-09-13,3794.67,Transport,credit
63,2026-08-21,1620.22,Food,debit
61,2026-10-24,1319.5,Transport,credit
49,2025-08-23,1763.74,Food,debit
71,2026-06-18,1419.23,Rent,debit
1,2027-05-10,3868.69,Subscription,credit
13,2027-02-09,2936.59,Utilities,debit
51,2026-06-25,2089.54,Utilities,debit
56,2025-08-01,613.19,EMI,debit
62,2026-04-08,2893.42,Subscription,debit
32,2026-03-12,4273.56,Shopping,debit
30,2025-10-10,1136.07,EMI,debit
29,2025-03-29,3959.62,Rent,debit
49,2027-12-04,2732.83,EMI,credit
45,2026-04-06,8125.67,Utilities,debit
30,2025-10-05,1735.63,Shopping,credit
16,2026-02-25,1201.9,Rent,debit
40,2026-11-27,3571.32,Utilities,debit
19,2026-05-30,1038.36,Subscription,debit
18,2026-12-04,2060.25,Food,debit
1,2025-01-19,2512.71,Transport,credit
78,2025-01-23,3477.69,Rent,debit
47,2026-02-17,4333.64,Shopping,debit
66,2027-11-20,6868.39,EMI,debit
38,2025-04-18,338.79,Subscription,debit
51,2028-02-26,6566.2,EMI,credit
63,2028-02-09,547.43,Rent,credit
4,2025-05-16,813.64,Subscription,debit
1,2025-12-28,3189.92,Shopping,debit
8,2025-05-09,2212.1,Rent,debit
29,2026-05-30,728.82,Shopping,debit
55,2026-03-25,3025.13,EMI,credit
3,2028-02-02,1729.0,Utilities,debit
32,2027-05-24,368.17,Subscription,debit
10,2026-04-18,4452.68,Food,debit
74,2027-10-31,979.77,Utilities,credit
34,2025-10-29,735.58,Food,debit
55,2025-08-19,2061.27,EMI,debit
32,2027-07-12,878.98,Subscription,debit
50,2027-12-26,3014.81,Utilities,debit
7,2027-07-26,1703.35,Utilities,credit
8,2025-04-22,2537.62,Rent,debit
65,2027-11-03,1129.59,Transport,debit
57,2026-05-15,2180.13,EMI,debit
67,2027-07-21,914.29,Shopping,debit
59,2026-08-21,1533.06,EMI,debit
72,2025-08-22,1933.11,Shopping,debit
54,2026-08-25,311.59,Subscription,debit
67,2025-11-10,4031.86,Shopping,debit
51,2026-07-20,473.56,Food,debit
8,2027-11-02,790.5,Shopping,credit
34,2025-07-28,939.87,Shopping,debit
35,2027-11-04,2913.45,Rent,debit
78,2027-11-10,1243.36,Utilities,debit
32,2026-08-10,5649.75,EMI,debit
46,2027-10-12,5896.42,EMI,debit
16,2027-12-30,2999.52,Subscription,credit
68,2028-01-30,988.93,Subscription,debit
37,2026-11-29,1631.41,Shopping,debit
54,2025-05-12,2064.77,Transport,debit
14,2028-03-01,3979.75,EMI,debit
55,2027-11-10,1558.27,Subscription,debit
48,2026-06-20,937.22,Shopping,debit
7,2027-10-11,650.08,Subscription,debit
74,2025-08-15,4143.86,Food,debit
7,2028-03-23,3003.84,Food,credit
33,2027-04-02,1445.22,Subscription,credit
23,2027-05-21,1549.6,Food,debit
19,2026-02-09,767.43,Subscription,debit
19,2025-07-21,7016.76,Shopping,credit
36,2025-02-07,2218.46,Rent,debit
29,2027-07-31,436.96,Transport,debit
60,2025-07-07,524.59,Shopping,credit
2,2027-12-17,1386.91,Rent,credit
1,2027-07-30,901.56,Rent,debit
47,2027-11-10,1886.11,EMI,debit
69,2025-09-30,2850.45,Shopping,debit
20,2028-02-17,821.27,Shopping,debit
11,2026-08-06,1473.53,Subscription,debit
2,2026-05-31,625.42,Rent,debit
67,2026-06-10,5845.02,Rent,debit
12,2025-12-02,2847.92,Rent,debit
20,2026-11-29,2946.06,Subscription,debit
5,2027-12-15,2691.02,EMI,debit
37,2026-05-15,894.47,Shopping,debit
38,2027-06-19,2249.0,Rent,debit
9,2027-02-05,2175.82,Food,credit
53,2026-06-20,2294.86,Shopping,debit
44,2025-06-11,1039.64,Subscription,credit
24,2026-08-17,1099.08,EMI,credit
74,2025-06-08,3702.69,Food,debit
30,2025-03-01,1405.72,Subscription,debit
59,2027-07-04,3703.62,Utilities,credit
14,2025-07-30,1045.81,Shopping,debit
9,2026-02-10,1009.95,Utilities,debit
40,2026-10-26,968.25,Subscription,debit
66,2028-02-07,1835.51,Subscription,debit
25,2028-01-05,3855.92,Subscription,credit
73,2026-06-26,1095.27,Rent,credit
22,2027-09-25,1038.37,EMI,credit
4,2028-02-15,2288.48,Rent,debit
26,2027-07-16,518.93,EMI,debit
58,2027-05-18,3999.1,Transport,debit
29,2025-01-19,1906.15,Rent,debit
37,2026-03-08,1935.35,Utilities,debit
75,2027-01-10,4225.51,EMI,debit
70,2025-07-02,5116.46,Rent,debit
18,2025-04-23,1664.9,Shopping,debit
42,2026-04-26,1033.27,Subscription,debit
41,2028-03-15,1401.89,EMI,debit
38,2027-04-11,1007.68,EMI,debit
34,2028-02-11,750.5,Rent,debit
17,2027-02-02,655.7,Transport,debit
37,2026-04-21,1461.84,Rent,credit
25,2027-02-02,2922.19,Utilities,credit
76,2027-08-29,2094.62,Utilities,credit
27,2027-10-17,2588.26,EMI,debit
57,2028-02-16,2307.06,EMI,debit
31,2025-06-10,365.97,Rent,debit
6,2026-02-05,1308.44,Utilities,debit
40,2025-07-17,1937.25,Utilities,debit
12,2026-10-22,1775.04,Transport,credit
53,2027-12-07,1164.36,Shopping,debit
71,2026-02-03,2140.93,Transport,credit
10,2025-03-19,4213.26,Food,credit
45,2025-05-04,2745.63,Subscription,debit
17,2025-03-16,3692.3,Transport,debit
26,2025-05-17,4547.11,Rent,debit
62,2026-08-25,3504.18,Shopping,debit
46,2027-04-17,4269.01,Rent,debit
64,2026-05-15,246.69,Subscription,debit
2,2025-05-18,2206.47,Food,debit
54,2025-02-19,863.95,Shopping,debit
65,2027-08-31,2981.6,EMI,debit
51,2025-09-11,3298.06,Utilities,debit
53,2026-12-11,883.09,Transport,debit
36,2026-07-17,3440.14,Rent,debit
26,2027-01-27,1872.7,Food,debit
29,2026-07-01,1922.47,Utilities,debit
21,2027-07-11,3447.18,Transport,credit
11,2026-08-04,979.2,Utilities,debit
40,2025-02-18,3429.46,Transport,debit
11,2027-07-06,984.66,EMI,debit
36,2028-01-03,1858.35,Shopping,debit
59,2026-12-05,978.78,Utilities,debit
39,2025-09-18,2324.4,Utilities,debit
54,2025-12-22,2268.53,Utilities,debit
55,2026-09-30,2058.36,Shopping,debit
24,2027-01-13,1321.48,Food,debit
22,2027-10-07,3179.66,Transport,debit
69,2027-07-20,281.34,EMI,debit
56,2026-10-03,1650.45,Utilities,debit
33,2027-03-03,3781.26,Subscription,credit
36,2026-09-04,4334.09,Shopping,debit
20,2027-03-20,2175.35,Food,credit
62,2026-11-17,2184.48,Transport,debit
73,2025-07-07,721.11,Shopping,debit
26,2027-09-12,905.75,EMI,credit
66,2026-07-02,225.13,EMI,debit
