date,merchant,category,amount,type,language
2026-03-08,Netflix Subscription,Entertainment,-490.0,debit,en
2026-03-08,Spotify Premium,Entertainment,-280.0,debit,en
2026-03-08,Prime Membership,Entertainment,-630.0,debit,en
2026-03-08,Movie Night,Entertainment,-540.05,debit,en
2026-03-09,Swiggy,Food,-398.12,debit,en
2026-03-10,Uber,Transport,-220.29,debit,en
2026-03-11,Swiggy,Food,-625.51,debit,en
2026-03-12,Uber,Transport,-212.88,debit,en
2026-03-13,Swiggy,Food,-456.26,debit,en
2026-03-14,Swiggy,Food,-487.04,debit,en
2026-03-14,Fuel Station,Transport,-317.26,debit,en
2026-03-14,Flipkart,Shopping,-801.12,debit,en
2026-03-15,Movie Night,Entertainment,-523.92,debit,en
2026-03-16,Swiggy,Food,-441.36,debit,en
2026-03-17,Uber,Transport,-318.02,debit,en
2026-03-18,Swiggy,Food,-540.47,debit,en
2026-03-19,Uber,Transport,-284.73,debit,en
2026-03-20,Swiggy,Food,-490.08,debit,en
2026-03-21,Swiggy,Food,-659.93,debit,en
2026-03-21,Fuel Station,Transport,-219.39,debit,en
2026-03-23,Swiggy,Food,-487.36,debit,en
2026-03-24,Uber,Transport,-190.7,debit,en
2026-03-24,Apollo Pharmacy,Healthcare,-1074.29,debit,en
2026-03-25,Swiggy,Food,-584.63,debit,en
2026-03-26,Uber,Transport,-258.35,debit,en
2026-03-26,Refund Credit,Income,581.29,credit,en
2026-03-27,Swiggy,Food,-408.07,debit,en
2026-03-28,Swiggy,Food,-565.0,debit,en
2026-03-28,Fuel Station,Transport,-311.26,debit,en
2026-03-29,Movie Night,Entertainment,-276.35,debit,en
2026-03-30,Swiggy,Food,-557.42,debit,en
2026-03-31,Uber,Transport,-255.06,debit,en
2026-04-01,Salary Credit,Income,82000.0,credit,en
2026-04-01,Swiggy,Food,-431.08,debit,en
2026-04-02,Uber,Transport,-310.41,debit,en
2026-04-03,Home Rent,Housing,-18000.0,debit,en
2026-04-03,Swiggy,Food,-526.75,debit,en
2026-04-04,Swiggy,Food,-669.93,debit,en
2026-04-04,Fuel Station,Transport,-263.25,debit,en
2026-04-04,Amazon,Shopping,-743.92,debit,en
2026-04-05,Movie Night,Entertainment,-307.35,debit,en
2026-04-06,Electricity Bill,Bills,-2604.0,debit,en
2026-04-06,Internet Bill,Bills,-1596.0,debit,en
2026-04-06,Swiggy,Food,-483.51,debit,en
2026-04-06,Refund Credit,Income,385.25,credit,en
2026-04-07,Uber,Transport,-208.91,debit,en
2026-04-08,Netflix Subscription,Entertainment,-490.0,debit,en
2026-04-08,Spotify Premium,Entertainment,-280.0,debit,en
2026-04-08,Prime Membership,Entertainment,-630.0,debit,en
2026-04-08,Swiggy,Food,-792.74,debit,en
2026-04-09,Uber,Transport,-298.74,debit,en
2026-04-10,Swiggy,Food,-506.82,debit,en
2026-04-11,Swiggy,Food,-423.06,debit,en
2026-04-11,Fuel Station,Transport,-162.77,debit,en
2026-04-13,Swiggy,Food,-409.09,debit,en
2026-04-13,Amazon,Shopping,-522.32,debit,en
2026-04-14,Uber,Transport,-216.8,debit,en
2026-04-15,Swiggy,Food,-516.18,debit,en
2026-04-16,Uber,Transport,-194.21,debit,en
2026-04-17,Swiggy,Food,-534.98,debit,en
2026-04-18,Swiggy,Food,-540.53,debit,en
2026-04-18,Fuel Station,Transport,-251.24,debit,en
2026-04-20,Swiggy,Food,-681.34,debit,en
2026-04-21,Uber,Transport,-202.51,debit,en
2026-04-22,Swiggy,Food,-519.52,debit,en
2026-04-22,Apollo Pharmacy,Healthcare,-1301.87,debit,en
2026-04-23,Uber,Transport,-325.08,debit,en
2026-04-24,Swiggy,Food,-405.92,debit,en
2026-04-25,Swiggy,Food,-395.85,debit,en
2026-04-25,Fuel Station,Transport,-282.14,debit,en
2026-04-26,Movie Night,Entertainment,-514.57,debit,en
2026-04-27,Swiggy,Food,-454.86,debit,en
2026-04-27,Flipkart,Shopping,-759.41,debit,en
2026-04-28,Uber,Transport,-295.98,debit,en
2026-04-29,Swiggy,Food,-493.1,debit,en
2026-04-29,Refund Credit,Income,867.05,credit,en
2026-04-30,Uber,Transport,-228.96,debit,en
2026-05-01,Salary Credit,Income,82000.0,credit,en
2026-05-01,Swiggy,Food,-420.56,debit,en
2026-05-02,Swiggy,Food,-437.93,debit,en
2026-05-02,Fuel Station,Transport,-273.4,debit,en
2026-05-03,Home Rent,Housing,-18000.0,debit,en
2026-05-04,Swiggy,Food,-410.34,debit,en
2026-05-05,Uber,Transport,-210.92,debit,en
2026-05-06,Electricity Bill,Bills,-2604.0,debit,en
2026-05-06,Internet Bill,Bills,-1596.0,debit,en
2026-05-06,Swiggy,Food,-484.79,debit,en
2026-05-06,Refund Credit,Income,602.05,credit,en
2026-05-07,Uber,Transport,-296.25,debit,en
2026-05-07,Flipkart,Shopping,-815.53,debit,en
2026-05-07,Uber,Transport,-424.09,debit,en
2026-05-08,Netflix Subscription,Entertainment,-490.0,debit,en
2026-05-08,Spotify Premium,Entertainment,-280.0,debit,en
2026-05-08,Prime Membership,Entertainment,-630.0,debit,en
2026-05-08,Swiggy,Food,-524.98,debit,en
2026-05-08,Netflix Subscription,Entertainment,-630.0,debit,en
2026-05-08,Spotify Premium,Entertainment,-360.0,debit,en
2026-05-08,Prime Membership,Entertainment,-810.0,debit,en
2026-05-08,Swiggy,Food,-908.03,debit,en
2026-05-09,Swiggy,Food,-510.89,debit,en
2026-05-09,Fuel Station,Transport,-426.52,debit,en
2026-05-09,Swiggy,Food,-659.64,debit,en
2026-05-09,Fuel Station,Transport,-386.49,debit,en
2026-05-09,Apollo Pharmacy,Healthcare,-805.53,debit,en
2026-05-10,Movie Night,Entertainment,-316.51,debit,en
2026-05-10,Movie Night,Entertainment,-487.37,debit,en
2026-05-11,Swiggy,Food,-564.94,debit,en
2026-05-11,Flipkart,Shopping,-927.22,debit,en
2026-05-11,Swiggy,Food,-891.8,debit,en
2026-05-12,Uber,Transport,-298.46,debit,en
2026-05-12,Uber,Transport,-297.98,debit,en
2026-05-13,Swiggy,Food,-496.41,debit,en
2026-05-13,Swiggy,Food,-854.73,debit,en
2026-05-14,Uber,Transport,-263.42,debit,en
2026-05-14,Uber,Transport,-461.57,debit,en
2026-05-15,Swiggy,Food,-355.57,debit,en
2026-05-15,Swiggy,Food,-734.81,debit,en
2026-05-16,Swiggy,Food,-600.85,debit,en
2026-05-16,Fuel Station,Transport,-257.0,debit,en
2026-05-16,Swiggy,Food,-1131.12,debit,en
2026-05-16,Fuel Station,Transport,-384.73,debit,en
2026-05-17,Movie Night,Entertainment,-493.86,debit,en
2026-05-18,Swiggy,Food,-561.1,debit,en
2026-05-18,Swiggy,Food,-741.79,debit,en
2026-05-19,Uber,Transport,-259.24,debit,en
2026-05-19,Uber,Transport,-515.4,debit,en
2026-05-20,Swiggy,Food,-409.71,debit,en
2026-05-20,Swiggy,Food,-901.5,debit,en
2026-05-21,Uber,Transport,-361.99,debit,en
2026-05-21,Amazon,Shopping,-1146.06,debit,en
2026-05-21,Uber,Transport,-316.89,debit,en
2026-05-21,Flipkart,Shopping,-1469.33,debit,en
2026-05-22,Swiggy,Food,-410.3,debit,en
2026-05-22,Swiggy,Food,-644.65,debit,en
2026-05-23,Swiggy,Food,-454.58,debit,en
2026-05-23,Fuel Station,Transport,-209.04,debit,en
2026-05-23,Swiggy,Food,-892.67,debit,en
2026-05-23,Fuel Station,Transport,-314.17,debit,en
2026-05-24,Movie Night,Entertainment,-588.64,debit,en
2026-05-24,Amazon,Shopping,-1493.53,debit,en
2026-05-25,Swiggy,Food,-548.49,debit,en
2026-05-25,Swiggy,Food,-994.99,debit,en
2026-05-26,Uber,Transport,-135.57,debit,en
2026-05-26,Uber,Transport,-450.34,debit,en
2026-05-27,Swiggy,Food,-658.15,debit,en
2026-05-27,Swiggy,Food,-589.29,debit,en
2026-05-28,Uber,Transport,-336.96,debit,en
2026-05-28,Uber,Transport,-424.05,debit,en
2026-05-28,Flipkart,Shopping,-2050.9,debit,en
2026-05-29,Swiggy,Food,-545.3,debit,en
2026-05-29,Swiggy,Food,-615.05,debit,en
2026-05-30,Swiggy,Food,-555.89,debit,en
2026-05-30,Fuel Station,Transport,-349.99,debit,en
2026-05-30,Swiggy,Food,-1093.01,debit,en
2026-05-30,Fuel Station,Transport,-354.67,debit,en
2026-05-30,Amazon,Shopping,-1381.65,debit,en
2026-05-31,Amazon,Shopping,-1708.44,debit,en
2026-05-31,Movie Night,Entertainment,-568.49,debit,en
2026-06-01,Salary Credit,Income,82000.0,credit,en
2026-06-01,Swiggy,Food,-521.07,debit,en
2026-06-01,Salary Credit,Income,76000.0,credit,en
2026-06-01,Swiggy,Food,-702.67,debit,en
2026-06-02,Uber,Transport,-318.79,debit,en
2026-06-02,Uber,Transport,-386.62,debit,en
2026-06-03,Home Rent,Housing,-18000.0,debit,en
2026-06-03,Swiggy,Food,-670.16,debit,en
2026-06-03,Apollo Pharmacy,Healthcare,-1277.39,debit,en
2026-06-03,Home Rent,Housing,-16000.0,debit,en
2026-06-03,Swiggy,Food,-824.58,debit,en
2026-06-04,Uber,Transport,-192.38,debit,en
2026-06-04,Uber,Transport,-395.61,debit,en
2026-06-04,Flipkart,Shopping,-1503.16,debit,en
2026-06-05,Swiggy,Food,-569.06,debit,en
2026-06-05,Swiggy,Food,-897.37,debit,en
2026-06-06,Electricity Bill,Bills,-2604.0,debit,en
2026-06-06,Internet Bill,Bills,-1596.0,debit,en
2026-06-06,Swiggy,Food,-525.09,debit,en
2026-06-06,Fuel Station,Transport,-246.98,debit,en
2026-06-06,Electricity Bill,Bills,-2418.0,debit,en
2026-06-06,Internet Bill,Bills,-1482.0,debit,en
2026-06-06,Swiggy,Food,-993.86,debit,en
2026-06-06,Fuel Station,Transport,-510.93,debit,en
2026-06-07,Movie Night,Entertainment,-407.32,debit,en
2026-06-08,Netflix Subscription,Entertainment,-490.0,debit,en
2026-06-08,Spotify Premium,Entertainment,-280.0,debit,en
2026-06-08,Prime Membership,Entertainment,-630.0,debit,en
2026-06-08,Swiggy,Food,-569.61,debit,en
2026-06-08,Netflix Subscription,Entertainment,-630.0,debit,en
2026-06-08,Spotify Premium,Entertainment,-360.0,debit,en
2026-06-08,Prime Membership,Entertainment,-810.0,debit,en
2026-06-08,Swiggy,Food,-908.58,debit,en
2026-06-09,Uber,Transport,-337.44,debit,en
2026-06-09,Uber,Transport,-470.14,debit,en
2026-06-09,Apollo Pharmacy,Healthcare,-1292.64,debit,en
2026-06-10,Swiggy,Food,-509.0,debit,en
2026-06-10,Flipkart,Shopping,-250.0,debit,en
2026-06-10,Swiggy,Food,-1193.17,debit,en
2026-06-11,Uber,Transport,-232.52,debit,en
2026-06-11,Uber,Transport,-433.76,debit,en
2026-06-11,Refund Credit,Income,404.35,credit,en
2026-06-12,Swiggy,Food,-621.95,debit,en
2026-06-12,Apollo Pharmacy,Healthcare,-757.64,debit,en
2026-06-12,Swiggy,Food,-810.86,debit,en
2026-06-12,Amazon,Shopping,-1985.29,debit,en
2026-06-13,Swiggy,Food,-510.82,debit,en
2026-06-13,Fuel Station,Transport,-374.75,debit,en
2026-06-13,Swiggy,Food,-884.14,debit,en
2026-06-13,Fuel Station,Transport,-484.77,debit,en
2026-06-14,Movie Night,Entertainment,-407.04,debit,en
2026-06-15,Swiggy,Food,-390.63,debit,en
2026-06-15,Amazon,Shopping,-445.07,debit,en
2026-06-15,Swiggy,Food,-615.8,debit,en
2026-06-15,Flipkart,Shopping,-1886.18,debit,en
2026-06-15,Apollo Pharmacy,Healthcare,-598.93,debit,en
2026-06-16,Uber,Transport,-344.98,debit,en
2026-06-16,Flipkart,Shopping,-569.19,debit,en
2026-06-16,Uber,Transport,-388.22,debit,en
2026-06-17,Swiggy,Food,-502.29,debit,en
2026-06-17,Swiggy,Food,-1124.54,debit,en
2026-06-18,Uber,Transport,-256.0,debit,en
2026-06-18,Uber,Transport,-500.52,debit,en
2026-06-19,Swiggy,Food,-624.33,debit,en
2026-06-19,Swiggy,Food,-840.93,debit,en
2026-06-20,Swiggy,Food,-702.61,debit,en
2026-06-20,Fuel Station,Transport,-425.39,debit,en
2026-06-20,Swiggy,Food,-850.46,debit,en
2026-06-20,Fuel Station,Transport,-455.72,debit,en
2026-06-21,Amazon,Shopping,-851.72,debit,en
2026-06-22,Swiggy,Food,-442.0,debit,en
2026-06-22,Swiggy,Food,-693.78,debit,en
2026-06-22,Amazon,Shopping,-1356.23,debit,en
2026-06-23,Uber,Transport,-247.89,debit,en
2026-06-23,Uber,Transport,-453.19,debit,en
2026-06-23,Flipkart,Shopping,-1823.47,debit,en
2026-06-24,Swiggy,Food,-429.95,debit,en
2026-06-24,Swiggy,Food,-855.52,debit,en
2026-06-25,Uber,Transport,-292.97,debit,en
2026-06-25,Uber,Transport,-441.29,debit,en
2026-06-25,Apollo Pharmacy,Healthcare,-818.02,debit,en
2026-06-26,Swiggy,Food,-413.11,debit,en
2026-06-26,Swiggy,Food,-1000.88,debit,en
2026-06-27,Swiggy,Food,-654.15,debit,en
2026-06-27,Fuel Station,Transport,-286.41,debit,en
2026-06-27,Swiggy,Food,-703.92,debit,en
2026-06-27,Fuel Station,Transport,-522.26,debit,en
2026-06-28,Movie Night,Entertainment,-347.82,debit,en
2026-06-29,Swiggy,Food,-582.3,debit,en
2026-06-29,Apollo Pharmacy,Healthcare,-878.44,debit,en
2026-06-29,Swiggy,Food,-916.94,debit,en
2026-06-30,Uber,Transport,-258.39,debit,en
2026-06-30,Refund Credit,Income,291.65,credit,en
2026-06-30,Uber,Transport,-676.74,debit,en
2026-07-01,Salary Credit,Income,82000.0,credit,en
2026-07-01,Swiggy,Food,-380.06,debit,en
2026-07-01,Salary Credit,Income,76000.0,credit,en
2026-07-01,Swiggy,Food,-912.91,debit,en
2026-07-02,Uber,Transport,-174.82,debit,en
2026-07-02,Uber,Transport,-572.68,debit,en
2026-07-03,Home Rent,Housing,-18000.0,debit,en
2026-07-03,Swiggy,Food,-560.71,debit,en
2026-07-03,Home Rent,Housing,-16000.0,debit,en
2026-07-03,Swiggy,Food,-840.78,debit,en
2026-07-04,Swiggy,Food,-492.17,debit,en
2026-07-04,Fuel Station,Transport,-286.96,debit,en
2026-07-04,Amazon,Shopping,-893.75,debit,en
2026-07-04,Swiggy,Food,-838.16,debit,en
2026-07-04,Fuel Station,Transport,-399.33,debit,en
2026-07-04,Flipkart,Shopping,-1379.62,debit,en
2026-07-06,Electricity Bill,Bills,-2604.0,debit,en
2026-07-06,Internet Bill,Bills,-1596.0,debit,en
2026-07-06,Swiggy,Food,-645.03,debit,en
2026-07-06,Electricity Bill,Bills,-2418.0,debit,en
2026-07-06,Internet Bill,Bills,-1482.0,debit,en
2026-07-06,Swiggy,Food,-887.29,debit,en
2026-07-06,Amazon,Shopping,-1727.11,debit,en
2026-07-06,Electricity Bill,Bills,-3224.0,debit,en
2026-07-06,Internet Bill,Bills,-1976.0,debit,en
2026-07-06,Swiggy,Food,-492.61,debit,en
2026-07-07,Uber,Transport,-381.85,debit,en
2026-07-07,Uber,Transport,-273.2,debit,en
2026-07-07,Uber,Transport,-145.26,debit,en
2026-07-08,Netflix Subscription,Entertainment,-490.0,debit,en
2026-07-08,Spotify Premium,Entertainment,-280.0,debit,en
2026-07-08,Prime Membership,Entertainment,-630.0,debit,en
2026-07-08,Swiggy,Food,-486.14,debit,en
2026-07-08,Netflix Subscription,Entertainment,-630.0,debit,en
2026-07-08,Spotify Premium,Entertainment,-360.0,debit,en
2026-07-08,Prime Membership,Entertainment,-810.0,debit,en
2026-07-08,Swiggy,Food,-758.8,debit,en
2026-07-08,Netflix Subscription,Entertainment,-385.0,debit,en
2026-07-08,Spotify Premium,Entertainment,-220.0,debit,en
2026-07-08,Prime Membership,Entertainment,-495.0,debit,en
2026-07-08,Swiggy,Food,-352.9,debit,en
2026-07-09,Uber,Transport,-170.4,debit,en
2026-07-09,Uber,Transport,-351.11,debit,en
2026-07-09,Uber,Transport,-302.15,debit,en
2026-07-10,Swiggy,Food,-295.9,debit,en
2026-07-10,Flipkart,Shopping,-286.82,debit,en
2026-07-10,Swiggy,Food,-925.67,debit,en
2026-07-10,Swiggy,Food,-581.05,debit,en
2026-07-11,Swiggy,Food,-496.28,debit,en
2026-07-11,Fuel Station,Transport,-268.86,debit,en
2026-07-11,Amazon,Shopping,-452.91,debit,en
2026-07-11,Swiggy,Food,-943.96,debit,en
2026-07-11,Fuel Station,Transport,-482.83,debit,en
2026-07-11,Swiggy,Food,-589.98,debit,en
2026-07-11,Fuel Station,Transport,-294.86,debit,en
2026-07-13,Swiggy,Food,-491.26,debit,en
2026-07-13,Swiggy,Food,-1077.57,debit,en
2026-07-13,Swiggy,Food,-686.23,debit,en
2026-07-14,Uber,Transport,-217.78,debit,en
2026-07-14,Uber,Transport,-430.71,debit,en
2026-07-14,Uber,Transport,-337.44,debit,en
2026-07-15,Swiggy,Food,-448.35,debit,en
2026-07-15,Refund Credit,Income,532.48,credit,en
2026-07-15,Swiggy,Food,-903.86,debit,en
2026-07-15,Amazon,Shopping,-1736.42,debit,en
2026-07-15,Swiggy,Food,-504.36,debit,en
2026-07-16,Uber,Transport,-318.39,debit,en
2026-07-16,Refund Credit,Income,697.17,credit,en
2026-07-16,Uber,Transport,-400.66,debit,en
2026-07-16,Uber,Transport,-268.78,debit,en
2026-07-17,Swiggy,Food,-435.79,debit,en
2026-07-17,Swiggy,Food,-812.68,debit,en
2026-07-17,Swiggy,Food,-565.41,debit,en
2026-07-17,Refund Credit,Income,379.88,credit,en
2026-07-18,Swiggy,Food,-636.81,debit,en
2026-07-18,Fuel Station,Transport,-262.32,debit,en
2026-07-18,Swiggy,Food,-745.06,debit,en
2026-07-18,Fuel Station,Transport,-565.08,debit,en
2026-07-18,Swiggy,Food,-391.4,debit,en
2026-07-18,Fuel Station,Transport,-225.04,debit,en
2026-07-18,Apollo Pharmacy,Healthcare,-1110.05,debit,en
2026-07-19,Movie Night,Entertainment,-450.46,debit,en
2026-07-19,Flipkart,Shopping,-522.78,debit,en
2026-07-19,Movie Night,Entertainment,-261.3,debit,en
2026-07-20,Swiggy,Food,-409.87,debit,en
2026-07-20,Swiggy,Food,-543.76,debit,en
2026-07-20,Amazon,Shopping,-1507.63,debit,en
2026-07-20,Swiggy,Food,-495.42,debit,en
2026-07-21,Uber,Transport,-194.43,debit,en
2026-07-21,Uber,Transport,-527.0,debit,en
2026-07-21,Uber,Transport,-414.35,debit,en
2026-07-21,Apollo Pharmacy,Healthcare,-668.01,debit,en
2026-07-22,Swiggy,Food,-480.32,debit,en
2026-07-22,Apollo Pharmacy,Healthcare,-844.1,debit,en
2026-07-22,Swiggy,Food,-891.71,debit,en
2026-07-22,Swiggy,Food,-492.22,debit,en
2026-07-23,Uber,Transport,-336.88,debit,en
2026-07-23,Uber,Transport,-420.14,debit,en
2026-07-23,Uber,Transport,-230.53,debit,en
2026-07-24,Swiggy,Food,-465.94,debit,en
2026-07-24,Flipkart,Shopping,-546.24,debit,en
2026-07-24,Swiggy,Food,-668.38,debit,en
2026-07-24,Swiggy,Food,-429.81,debit,en
2026-07-25,Swiggy,Food,-561.94,debit,en
2026-07-25,Fuel Station,Transport,-162.01,debit,en
2026-07-25,Flipkart,Shopping,-446.59,debit,en
2026-07-25,Swiggy,Food,-699.27,debit,en
2026-07-25,Fuel Station,Transport,-329.61,debit,en
2026-07-25,Refund Credit,Income,584.56,credit,en
2026-07-25,Swiggy,Food,-392.5,debit,en
2026-07-25,Fuel Station,Transport,-268.23,debit,en
2026-07-26,Movie Night,Entertainment,-435.97,debit,en
2026-07-26,Movie Night,Entertainment,-282.28,debit,en
2026-07-27,Swiggy,Food,-462.53,debit,en
2026-07-27,Refund Credit,Income,698.4,credit,en
2026-07-27,Swiggy,Food,-605.17,debit,en
2026-07-27,Swiggy,Food,-577.4,debit,en
2026-07-28,Uber,Transport,-236.62,debit,en
2026-07-28,Flipkart,Shopping,-569.3,debit,en
2026-07-28,Uber,Transport,-463.83,debit,en
2026-07-28,Uber,Transport,-264.76,debit,en
2026-07-29,Swiggy,Food,-294.16,debit,en
2026-07-29,Swiggy,Food,-946.83,debit,en
2026-07-29,Flipkart,Shopping,-777.4,debit,en
2026-07-29,Swiggy,Food,-461.48,debit,en
2026-07-30,Uber,Transport,-144.42,debit,en
2026-07-30,Uber,Transport,-405.2,debit,en
2026-07-30,Uber,Transport,-171.06,debit,en
2026-07-31,Swiggy,Food,-415.79,debit,en
2026-07-31,Flipkart,Shopping,-828.5,debit,en
2026-07-31,Swiggy,Food,-964.77,debit,en
2026-07-31,Amazon,Shopping,-2529.25,debit,en
2026-07-31,Swiggy,Food,-446.42,debit,en
2026-08-01,Salary Credit,Income,82000.0,credit,en
2026-08-01,Swiggy,Food,-536.1,debit,en
2026-08-01,Fuel Station,Transport,-256.39,debit,en
2026-08-01,Salary Credit,Income,76000.0,credit,en
2026-08-01,Swiggy,Food,-688.08,debit,en
2026-08-01,Fuel Station,Transport,-281.13,debit,en
2026-08-01,Salary Credit,Income,90000.0,credit,en
2026-08-01,Swiggy,Food,-537.99,debit,en
2026-08-01,Fuel Station,Transport,-209.65,debit,en
2026-08-01,Amazon,Shopping,-610.41,debit,en
2026-08-02,Movie Night,Entertainment,-364.52,debit,en
2026-08-02,Apollo Pharmacy,Healthcare,-1520.41,debit,en
2026-08-02,Movie Night,Entertainment,-382.12,debit,en
2026-08-03,Home Rent,Housing,-18000.0,debit,en
2026-08-03,Swiggy,Food,-692.96,debit,en
2026-08-03,Home Rent,Housing,-16000.0,debit,en
2026-08-03,Swiggy,Food,-985.67,debit,en
2026-08-03,Flipkart,Shopping,-1402.37,debit,en
2026-08-03,Home Rent,Housing,-26000.0,debit,en
2026-08-03,Swiggy,Food,-627.74,debit,en
2026-08-04,Uber,Transport,-321.11,debit,en
2026-08-04,Flipkart,Shopping,-487.08,debit,en
2026-08-04,Uber,Transport,-229.89,debit,en
2026-08-04,Uber,Transport,-183.55,debit,en
2026-08-05,Swiggy,Food,-361.63,debit,en
2026-08-05,Swiggy,Food,-843.2,debit,en
2026-08-05,Swiggy,Food,-389.12,debit,en
2026-08-06,Electricity Bill,Bills,-2604.0,debit,en
2026-08-06,Internet Bill,Bills,-1596.0,debit,en
2026-08-06,Uber,Transport,-274.29,debit,en
2026-08-06,Electricity Bill,Bills,-2418.0,debit,en
2026-08-06,Internet Bill,Bills,-1482.0,debit,en
2026-08-06,Uber,Transport,-325.41,debit,en
2026-08-06,Electricity Bill,Bills,-3224.0,debit,en
2026-08-06,Internet Bill,Bills,-1976.0,debit,en
2026-08-06,Uber,Transport,-200.35,debit,en
2026-08-07,Swiggy,Food,-471.07,debit,en
2026-08-07,Swiggy,Food,-935.61,debit,en
2026-08-07,Swiggy,Food,-441.0,debit,en
2026-08-08,Netflix Subscription,Entertainment,-490.0,debit,en
2026-08-08,Spotify Premium,Entertainment,-280.0,debit,en
2026-08-08,Prime Membership,Entertainment,-630.0,debit,en
2026-08-08,Swiggy,Food,-453.18,debit,en
2026-08-08,Fuel Station,Transport,-187.82,debit,en
2026-08-08,Netflix Subscription,Entertainment,-630.0,debit,en
2026-08-08,Spotify Premium,Entertainment,-360.0,debit,en
2026-08-08,Prime Membership,Entertainment,-810.0,debit,en
2026-08-08,Swiggy,Food,-668.83,debit,en
2026-08-08,Fuel Station,Transport,-429.08,debit,en
2026-08-08,Netflix Subscription,Entertainment,-385.0,debit,en
2026-08-08,Spotify Premium,Entertainment,-220.0,debit,en
2026-08-08,Prime Membership,Entertainment,-495.0,debit,en
2026-08-08,Swiggy,Food,-576.72,debit,en
2026-08-08,Fuel Station,Transport,-279.3,debit,en
2026-08-09,Movie Night,Entertainment,-636.23,debit,en
2026-08-09,Movie Night,Entertainment,-461.45,debit,en
2026-08-10,Swiggy,Food,-596.45,debit,en
2026-08-10,Swiggy,Food,-1107.59,debit,en
2026-08-10,Swiggy,Food,-539.42,debit,en
2026-08-11,Uber,Transport,-249.52,debit,en
2026-08-11,Uber,Transport,-376.72,debit,en
2026-08-11,Uber,Transport,-279.6,debit,en
2026-08-11,Refund Credit,Income,699.29,credit,en
2026-08-12,Swiggy,Food,-477.05,debit,en
2026-08-12,Swiggy,Food,-998.0,debit,en
2026-08-12,Swiggy,Food,-454.01,debit,en
2026-08-12,Apollo Pharmacy,Healthcare,-868.17,debit,en
2026-08-13,Uber,Transport,-346.64,debit,en
2026-08-13,Uber,Transport,-343.83,debit,en
2026-08-13,Uber,Transport,-223.37,debit,en
2026-08-14,Swiggy,Food,-302.81,debit,en
2026-08-14,Amazon,Shopping,-475.79,debit,en
2026-08-14,Swiggy,Food,-1116.17,debit,en
2026-08-14,Amazon,Shopping,-2024.65,debit,en
2026-08-14,Swiggy,Food,-453.7,debit,en
2026-08-15,Swiggy,Food,-423.52,debit,en
2026-08-15,Fuel Station,Transport,-276.01,debit,en
2026-08-15,Amazon,Shopping,-460.89,debit,en
2026-08-15,Swiggy,Food,-842.42,debit,en
2026-08-15,Fuel Station,Transport,-407.87,debit,en
2026-08-15,Swiggy,Food,-521.22,debit,en
2026-08-15,Fuel Station,Transport,-259.96,debit,en
2026-08-16,Movie Night,Entertainment,-534.2,debit,en
2026-08-16,Refund Credit,Income,612.08,credit,en
2026-08-16,Movie Night,Entertainment,-623.92,debit,en
2026-08-16,Movie Night,Entertainment,-449.15,debit,en
2026-08-17,Swiggy,Food,-406.19,debit,en
2026-08-17,Swiggy,Food,-754.59,debit,en
2026-08-17,Flipkart,Shopping,-1185.13,debit,en
2026-08-17,Refund Credit,Income,864.85,credit,en
2026-08-17,Swiggy,Food,-537.4,debit,en
2026-08-18,Uber,Transport,-208.44,debit,en
2026-08-18,Uber,Transport,-192.09,debit,en
2026-08-18,Refund Credit,Income,695.08,credit,en
2026-08-18,Uber,Transport,-123.0,debit,en
2026-08-19,Swiggy,Food,-379.91,debit,en
2026-08-19,Swiggy,Food,-647.06,debit,en
2026-08-19,Swiggy,Food,-404.0,debit,en
2026-08-20,Uber,Transport,-333.71,debit,en
2026-08-20,Flipkart,Shopping,-425.71,debit,en
2026-08-20,Uber,Transport,-437.82,debit,en
2026-08-20,Amazon,Shopping,-1292.85,debit,en
2026-08-20,Uber,Transport,-203.05,debit,en
2026-08-21,Swiggy,Food,-502.43,debit,en
2026-08-21,Apollo Pharmacy,Healthcare,-1144.44,debit,en
2026-08-21,Swiggy,Food,-608.93,debit,en
2026-08-21,Swiggy,Food,-383.46,debit,en
2026-08-22,Swiggy,Food,-368.38,debit,en
2026-08-22,Fuel Station,Transport,-122.69,debit,en
2026-08-22,Swiggy,Food,-858.18,debit,en
2026-08-22,Fuel Station,Transport,-201.14,debit,en
2026-08-22,Swiggy,Food,-498.97,debit,en
2026-08-22,Fuel Station,Transport,-243.18,debit,en
2026-08-23,Movie Night,Entertainment,-561.7,debit,en
2026-08-23,Movie Night,Entertainment,-270.32,debit,en
2026-08-24,Swiggy,Food,-485.21,debit,en
2026-08-24,Swiggy,Food,-796.83,debit,en
2026-08-24,Flipkart,Shopping,-1922.4,debit,en
2026-08-24,Swiggy,Food,-482.82,debit,en
2026-08-24,Apollo Pharmacy,Healthcare,-1115.34,debit,en
2026-08-25,Uber,Transport,-208.95,debit,en
2026-08-25,Uber,Transport,-612.8,debit,en
2026-08-25,Amazon,Shopping,-1697.42,debit,en
2026-08-25,Uber,Transport,-275.03,debit,en
2026-08-26,Swiggy,Food,-433.81,debit,en
2026-08-26,Swiggy,Food,-764.2,debit,en
2026-08-26,Swiggy,Food,-420.22,debit,en
2026-08-26,Amazon,Shopping,-750.92,debit,en
2026-08-27,Uber,Transport,-367.48,debit,en
2026-08-27,Uber,Transport,-521.58,debit,en
2026-08-27,Uber,Transport,-189.5,debit,en
2026-08-27,Flipkart,Shopping,-747.14,debit,en
2026-08-27,Apollo Pharmacy,Healthcare,-897.74,debit,en
2026-08-28,Swiggy,Food,-551.9,debit,en
2026-08-28,Apollo Pharmacy,Healthcare,-810.95,debit,en
2026-08-28,Swiggy,Food,-963.53,debit,en
2026-08-28,Swiggy,Food,-447.96,debit,en
2026-08-29,Swiggy,Food,-677.42,debit,en
2026-08-29,Fuel Station,Transport,-401.03,debit,en
2026-08-29,Swiggy,Food,-891.32,debit,en
2026-08-29,Fuel Station,Transport,-463.26,debit,en
2026-08-29,Swiggy,Food,-426.76,debit,en
2026-08-29,Fuel Station,Transport,-182.37,debit,en
2026-08-30,Movie Night,Entertainment,-318.78,debit,en
2026-08-30,Movie Night,Entertainment,-254.87,debit,en
2026-08-30,Apollo Pharmacy,Healthcare,-1305.53,debit,en
2026-08-31,Swiggy,Food,-398.07,debit,en
2026-08-31,Flipkart,Shopping,-680.47,debit,en
2026-08-31,Swiggy,Food,-917.17,debit,en
2026-08-31,Swiggy,Food,-488.77,debit,en
2026-09-01,Salary Credit,Income,82000.0,credit,en
2026-09-01,Uber,Transport,-297.42,debit,en
2026-09-01,Salary Credit,Income,76000.0,credit,en
2026-09-01,Uber,Transport,-454.32,debit,en
2026-09-01,Salary Credit,Income,90000.0,credit,en
2026-09-01,Uber,Transport,-272.98,debit,en
2026-09-02,Swiggy,Food,-505.86,debit,en
2026-09-02,Amazon,Shopping,-393.67,debit,en
2026-09-02,Swiggy,Food,-811.31,debit,en
2026-09-02,Swiggy,Food,-412.33,debit,en
2026-09-03,Home Rent,Housing,-18000.0,debit,en
2026-09-03,Uber,Transport,-271.41,debit,en
2026-09-03,Home Rent,Housing,-16000.0,debit,en
2026-09-03,Uber,Transport,-495.8,debit,en
2026-09-03,Home Rent,Housing,-26000.0,debit,en
2026-09-03,Uber,Transport,-222.2,debit,en
2026-09-04,Swiggy,Food,-772.41,debit,en
2026-09-04,Swiggy,Food,-387.06,debit,en
2026-09-04,Swiggy,Food,-610.9,debit,en
2026-09-05,Swiggy,Food,-990.2,debit,en
2026-09-05,Fuel Station,Transport,-238.01,debit,en
2026-09-05,Swiggy,Food,-468.77,debit,en
2026-09-05,Fuel Station,Transport,-300.24,debit,en
2026-09-05,Apollo Pharmacy,Healthcare,-986.83,debit,en
2026-09-05,Swiggy,Food,-598.18,debit,en
2026-09-05,Fuel Station,Transport,-436.65,debit,en
2026-09-05,Flipkart,Shopping,-1155.71,debit,en
2026-09-06,Electricity Bill,Bills,-2418.0,debit,en
2026-09-06,Internet Bill,Bills,-1482.0,debit,en
2026-09-06,Movie Night,Entertainment,-599.48,debit,en
2026-09-06,Electricity Bill,Bills,-3224.0,debit,en
2026-09-06,Internet Bill,Bills,-1976.0,debit,en
2026-09-06,Electricity Bill,Bills,-2170.0,debit,en
2026-09-06,Internet Bill,Bills,-1330.0,debit,en
2026-09-06,Movie Night,Entertainment,-248.88,debit,en
2026-09-07,Swiggy,Food,-976.86,debit,en
2026-09-07,Swiggy,Food,-227.96,debit,en
2026-09-07,Swiggy,Food,-707.52,debit,en
2026-09-08,Netflix Subscription,Entertainment,-630.0,debit,en
2026-09-08,Spotify Premium,Entertainment,-360.0,debit,en
2026-09-08,Prime Membership,Entertainment,-810.0,debit,en
2026-09-08,Uber,Transport,-458.28,debit,en
2026-09-08,Netflix Subscription,Entertainment,-385.0,debit,en
2026-09-08,Spotify Premium,Entertainment,-220.0,debit,en
2026-09-08,Prime Membership,Entertainment,-495.0,debit,en
2026-09-08,Uber,Transport,-326.65,debit,en
2026-09-08,Netflix Subscription,Entertainment,-1120.0,debit,en
2026-09-08,Spotify Premium,Entertainment,-640.0,debit,en
2026-09-08,Prime Membership,Entertainment,-1440.0,debit,en
2026-09-08,Uber,Transport,-227.13,debit,en
2026-09-09,Swiggy,Food,-1075.46,debit,en
2026-09-09,Swiggy,Food,-568.72,debit,en
2026-09-09,Swiggy,Food,-559.38,debit,en
2026-09-10,Uber,Transport,-402.71,debit,en
2026-09-10,Uber,Transport,-182.49,debit,en
2026-09-10,Uber,Transport,-259.87,debit,en
2026-09-10,Flipkart,Shopping,-1010.99,debit,en
2026-09-11,Swiggy,Food,-683.76,debit,en
2026-09-11,Swiggy,Food,-543.28,debit,en
2026-09-11,Swiggy,Food,-707.56,debit,en
2026-09-12,Swiggy,Food,-1076.04,debit,en
2026-09-12,Fuel Station,Transport,-363.03,debit,en
2026-09-12,Flipkart,Shopping,-517.61,debit,en
2026-09-12,Swiggy,Food,-591.76,debit,en
2026-09-12,Fuel Station,Transport,-172.24,debit,en
2026-09-12,Swiggy,Food,-463.98,debit,en
2026-09-12,Fuel Station,Transport,-201.51,debit,en
2026-09-12,Amazon,Shopping,-496.31,debit,en
2026-09-13,Movie Night,Entertainment,-451.94,debit,en
2026-09-14,Swiggy,Food,-818.78,debit,en
2026-09-14,Flipkart,Shopping,-1195.16,debit,en
2026-09-14,Swiggy,Food,-373.91,debit,en
2026-09-14,Swiggy,Food,-635.4,debit,en
2026-09-15,Uber,Transport,-419.08,debit,en
2026-09-15,Flipkart,Shopping,-1280.1,debit,en
2026-09-15,Uber,Transport,-211.11,debit,en
2026-09-15,Uber,Transport,-147.63,debit,en
2026-09-15,Refund Credit,Income,976.97,credit,en
2026-09-16,Swiggy,Food,-1059.29,debit,en
2026-09-16,Amazon,Shopping,-2670.37,debit,en
2026-09-16,Swiggy,Food,-484.87,debit,en
2026-09-16,Swiggy,Food,-504.83,debit,en
2026-09-16,Refund Credit,Income,629.42,credit,en
2026-09-17,Uber,Transport,-397.19,debit,en
2026-09-17,Uber,Transport,-273.99,debit,en
2026-09-17,Uber,Transport,-308.03,debit,en
2026-09-18,Swiggy,Food,-877.74,debit,en
2026-09-18,Swiggy,Food,-455.26,debit,en
2026-09-18,Swiggy,Food,-624.82,debit,en
2026-09-19,Swiggy,Food,-950.16,debit,en
2026-09-19,Fuel Station,Transport,-498.28,debit,en
2026-09-19,Swiggy,Food,-456.59,debit,en
2026-09-19,Fuel Station,Transport,-244.65,debit,en
2026-09-19,Apollo Pharmacy,Healthcare,-1009.6,debit,en
2026-09-19,Swiggy,Food,-682.72,debit,en
2026-09-19,Fuel Station,Transport,-242.85,debit,en
2026-09-20,Movie Night,Entertainment,-439.99,debit,en
2026-09-20,Movie Night,Entertainment,-421.7,debit,en
2026-09-20,Movie Night,Entertainment,-597.83,debit,en
2026-09-20,Apollo Pharmacy,Healthcare,-1012.23,debit,en
2026-09-21,Swiggy,Food,-659.16,debit,en
2026-09-21,Swiggy,Food,-626.59,debit,en
2026-09-21,Swiggy,Food,-652.32,debit,en
2026-09-22,Uber,Transport,-273.98,debit,en
2026-09-22,Uber,Transport,-274.12,debit,en
2026-09-22,Uber,Transport,-326.91,debit,en
2026-09-23,Swiggy,Food,-1205.84,debit,en
2026-09-23,Swiggy,Food,-431.58,debit,en
2026-09-23,Swiggy,Food,-784.33,debit,en
2026-09-23,Refund Credit,Income,544.43,credit,en
2026-09-24,Uber,Transport,-385.82,debit,en
2026-09-24,Uber,Transport,-241.16,debit,en
2026-09-24,Uber,Transport,-300.82,debit,en
2026-09-25,Swiggy,Food,-1074.48,debit,en
2026-09-25,Swiggy,Food,-362.47,debit,en
2026-09-25,Refund Credit,Income,823.73,credit,en
2026-09-25,Swiggy,Food,-576.75,debit,en
2026-09-26,Swiggy,Food,-1123.15,debit,en
2026-09-26,Fuel Station,Transport,-457.52,debit,en
2026-09-26,Swiggy,Food,-487.59,debit,en
2026-09-26,Fuel Station,Transport,-285.48,debit,en
2026-09-26,Swiggy,Food,-576.91,debit,en
2026-09-26,Fuel Station,Transport,-164.96,debit,en
2026-09-26,Amazon,Shopping,-1053.01,debit,en
2026-09-27,Movie Night,Entertainment,-370.09,debit,en
2026-09-27,Movie Night,Entertainment,-515.06,debit,en
2026-09-28,Swiggy,Food,-641.88,debit,en
2026-09-28,Amazon,Shopping,-572.0,debit,en
2026-09-28,Swiggy,Food,-358.63,debit,en
2026-09-28,Apollo Pharmacy,Healthcare,-672.27,debit,en
2026-09-28,Swiggy,Food,-581.1,debit,en
2026-09-28,Flipkart,Shopping,-591.19,debit,en
2026-09-29,Uber,Transport,-182.66,debit,en
2026-09-29,Uber,Transport,-300.67,debit,en
2026-09-29,Uber,Transport,-347.34,debit,en
2026-09-30,Swiggy,Food,-627.06,debit,en
2026-09-30,Amazon,Shopping,-2395.57,debit,en
2026-09-30,Swiggy,Food,-479.12,debit,en
2026-09-30,Swiggy,Food,-685.05,debit,en
2026-09-30,Apollo Pharmacy,Healthcare,-872.03,debit,en
2026-10-01,Salary Credit,Income,76000.0,credit,en
2026-10-01,Uber,Transport,-454.64,debit,en
2026-10-01,Salary Credit,Income,90000.0,credit,en
2026-10-01,Uber,Transport,-217.08,debit,en
2026-10-01,Salary Credit,Income,68000.0,credit,en
2026-10-01,Uber,Transport,-169.88,debit,en
2026-10-02,Swiggy,Food,-639.93,debit,en
2026-10-02,Amazon,Shopping,-1593.84,debit,en
2026-10-02,Swiggy,Food,-411.75,debit,en
2026-10-02,Swiggy,Food,-553.17,debit,en
2026-10-03,Home Rent,Housing,-16000.0,debit,en
2026-10-03,Swiggy,Food,-686.03,debit,en
2026-10-03,Fuel Station,Transport,-382.87,debit,en
2026-10-03,Home Rent,Housing,-26000.0,debit,en
2026-10-03,Swiggy,Food,-352.84,debit,en
2026-10-03,Fuel Station,Transport,-296.73,debit,en
2026-10-03,Home Rent,Housing,-15000.0,debit,en
2026-10-03,Swiggy,Food,-373.29,debit,en
2026-10-03,Fuel Station,Transport,-362.97,debit,en
2026-10-04,Movie Night,Entertainment,-382.04,debit,en
2026-10-04,Movie Night,Entertainment,-529.14,debit,en
2026-10-04,Apollo Pharmacy,Healthcare,-978.44,debit,en
2026-10-05,Swiggy,Food,-900.53,debit,en
2026-10-05,Swiggy,Food,-440.04,debit,en
2026-10-05,Swiggy,Food,-498.31,debit,en
2026-10-06,Electricity Bill,Bills,-2418.0,debit,en
2026-10-06,Internet Bill,Bills,-1482.0,debit,en
2026-10-06,Uber,Transport,-415.47,debit,en
2026-10-06,Electricity Bill,Bills,-3224.0,debit,en
2026-10-06,Internet Bill,Bills,-1976.0,debit,en
2026-10-06,Uber,Transport,-319.97,debit,en
2026-10-06,Electricity Bill,Bills,-2170.0,debit,en
2026-10-06,Internet Bill,Bills,-1330.0,debit,en
2026-10-06,Uber,Transport,-335.2,debit,en
2026-10-07,Swiggy,Food,-933.86,debit,en
2026-10-07,Swiggy,Food,-360.84,debit,en
2026-10-07,Swiggy,Food,-619.75,debit,en
2026-10-08,Netflix Subscription,Entertainment,-630.0,debit,en
2026-10-08,Spotify Premium,Entertainment,-360.0,debit,en
2026-10-08,Prime Membership,Entertainment,-810.0,debit,en
2026-10-08,Uber,Transport,-442.08,debit,en
2026-10-08,Netflix Subscription,Entertainment,-385.0,debit,en
2026-10-08,Spotify Premium,Entertainment,-220.0,debit,en
2026-10-08,Prime Membership,Entertainment,-495.0,debit,en
2026-10-08,Uber,Transport,-266.65,debit,en
2026-10-08,Apollo Pharmacy,Healthcare,-643.82,debit,en
2026-10-08,Netflix Subscription,Entertainment,-1120.0,debit,en
2026-10-08,Spotify Premium,Entertainment,-640.0,debit,en
2026-10-08,Prime Membership,Entertainment,-1440.0,debit,en
2026-10-08,Uber,Transport,-227.72,debit,en
2026-10-09,Swiggy,Food,-554.02,debit,en
2026-10-09,Swiggy,Food,-726.88,debit,en
2026-10-09,Swiggy,Food,-704.54,debit,en
2026-10-10,Swiggy,Food,-821.18,debit,en
2026-10-10,Fuel Station,Transport,-375.43,debit,en
2026-10-10,Refund Credit,Income,265.76,credit,en
2026-10-10,Swiggy,Food,-437.42,debit,en
2026-10-10,Fuel Station,Transport,-142.34,debit,en
2026-10-10,Swiggy,Food,-707.39,debit,en
2026-10-10,Fuel Station,Transport,-306.2,debit,en
2026-10-11,Movie Night,Entertainment,-487.13,debit,en
2026-10-11,Movie Night,Entertainment,-495.56,debit,en
2026-10-12,Swiggy,Food,-1157.34,debit,en
2026-10-12,Swiggy,Food,-563.34,debit,en
2026-10-12,Amazon,Shopping,-652.16,debit,en
2026-10-12,Apollo Pharmacy,Healthcare,-598.27,debit,en
2026-10-12,Swiggy,Food,-426.32,debit,en
2026-10-13,Uber,Transport,-322.32,debit,en
2026-10-13,Uber,Transport,-243.0,debit,en
2026-10-13,Amazon,Shopping,-439.57,debit,en
2026-10-13,Uber,Transport,-156.47,debit,en
2026-10-13,Flipkart,Shopping,-688.22,debit,en
2026-10-14,Swiggy,Food,-886.25,debit,en
2026-10-14,Swiggy,Food,-293.72,debit,en
2026-10-14,Refund Credit,Income,442.34,credit,en
2026-10-14,Swiggy,Food,-727.33,debit,en
2026-10-15,Uber,Transport,-233.02,debit,en
2026-10-15,Uber,Transport,-270.3,debit,en
2026-10-15,Uber,Transport,-362.04,debit,en
2026-10-16,Swiggy,Food,-610.24,debit,en
2026-10-16,Amazon,Shopping,-1194.6,debit,en
2026-10-16,Swiggy,Food,-439.57,debit,en
2026-10-16,Swiggy,Food,-534.88,debit,en
2026-10-17,Swiggy,Food,-738.52,debit,en
2026-10-17,Fuel Station,Transport,-501.01,debit,en
2026-10-17,Swiggy,Food,-534.38,debit,en
2026-10-17,Fuel Station,Transport,-268.57,debit,en
2026-10-17,Swiggy,Food,-599.18,debit,en
2026-10-17,Fuel Station,Transport,-369.78,debit,en
2026-10-18,Flipkart,Shopping,-1071.3,debit,en
2026-10-18,Movie Night,Entertainment,-373.82,debit,en
2026-10-19,Swiggy,Food,-961.65,debit,en
2026-10-19,Swiggy,Food,-502.18,debit,en
2026-10-19,Swiggy,Food,-583.25,debit,en
2026-10-20,Uber,Transport,-455.86,debit,en
2026-10-20,Uber,Transport,-241.82,debit,en
2026-10-20,Uber,Transport,-296.82,debit,en
2026-10-21,Swiggy,Food,-854.5,debit,en
2026-10-21,Swiggy,Food,-411.04,debit,en
2026-10-21,Swiggy,Food,-600.57,debit,en
2026-10-22,Uber,Transport,-544.91,debit,en
2026-10-22,Uber,Transport,-319.23,debit,en
2026-10-22,Uber,Transport,-390.56,debit,en
2026-10-22,Flipkart,Shopping,-786.35,debit,en
2026-10-23,Swiggy,Food,-831.74,debit,en
2026-10-23,Swiggy,Food,-485.42,debit,en
2026-10-23,Swiggy,Food,-590.51,debit,en
2026-10-24,Swiggy,Food,-699.3,debit,en
2026-10-24,Fuel Station,Transport,-372.17,debit,en
2026-10-24,Swiggy,Food,-527.96,debit,en
2026-10-24,Fuel Station,Transport,-262.87,debit,en
2026-10-24,Swiggy,Food,-583.11,debit,en
2026-10-24,Fuel Station,Transport,-423.03,debit,en
2026-10-25,Movie Night,Entertainment,-387.15,debit,en
2026-10-25,Movie Night,Entertainment,-469.5,debit,en
2026-10-26,Swiggy,Food,-886.51,debit,en
2026-10-26,Swiggy,Food,-488.47,debit,en
2026-10-26,Swiggy,Food,-597.76,debit,en
2026-10-26,Apollo Pharmacy,Healthcare,-712.37,debit,en
2026-10-27,Uber,Transport,-538.93,debit,en
2026-10-27,Uber,Transport,-208.08,debit,en
2026-10-27,Uber,Transport,-333.74,debit,en
2026-10-28,Swiggy,Food,-1057.79,debit,en
2026-10-28,Swiggy,Food,-507.57,debit,en
2026-10-28,Swiggy,Food,-445.69,debit,en
2026-10-29,Uber,Transport,-379.7,debit,en
2026-10-29,Uber,Transport,-435.76,debit,en
2026-10-29,Uber,Transport,-279.65,debit,en
2026-10-29,Flipkart,Shopping,-654.92,debit,en
2026-10-30,Swiggy,Food,-862.03,debit,en
2026-10-30,Swiggy,Food,-398.55,debit,en
2026-10-30,Swiggy,Food,-652.4,debit,en
2026-10-31,Swiggy,Food,-578.12,debit,en
2026-10-31,Fuel Station,Transport,-454.02,debit,en
2026-10-31,Flipkart,Shopping,-1803.14,debit,en
2026-10-31,Swiggy,Food,-474.51,debit,en
2026-10-31,Fuel Station,Transport,-307.55,debit,en
2026-10-31,Swiggy,Food,-654.94,debit,en
2026-10-31,Fuel Station,Transport,-166.99,debit,en
2026-11-01,Salary Credit,Income,76000.0,credit,en
2026-11-01,Salary Credit,Income,90000.0,credit,en
2026-11-01,Movie Night,Entertainment,-352.87,debit,en
2026-11-01,Salary Credit,Income,68000.0,credit,en
2026-11-02,Swiggy,Food,-907.38,debit,en
2026-11-02,Swiggy,Food,-434.94,debit,en
2026-11-02,Swiggy,Food,-410.3,debit,en
2026-11-02,Flipkart,Shopping,-1232.84,debit,en
2026-11-03,Home Rent,Housing,-26000.0,debit,en
2026-11-03,Uber,Transport,-344.58,debit,en
2026-11-03,Home Rent,Housing,-15000.0,debit,en
2026-11-03,Uber,Transport,-295.25,debit,en
2026-11-04,Swiggy,Food,-723.01,debit,en
2026-11-04,Swiggy,Food,-653.49,debit,en
2026-11-05,Uber,Transport,-204.7,debit,en
2026-11-05,Uber,Transport,-364.29,debit,en
2026-11-06,Electricity Bill,Bills,-3224.0,debit,en
2026-11-06,Internet Bill,Bills,-1976.0,debit,en
2026-11-06,Swiggy,Food,-508.95,debit,en
2026-11-06,Electricity Bill,Bills,-2170.0,debit,en
2026-11-06,Internet Bill,Bills,-1330.0,debit,en
2026-11-06,Swiggy,Food,-622.77,debit,en
2026-11-07,Swiggy,Food,-532.1,debit,en
2026-11-07,Fuel Station,Transport,-235.73,debit,en
2026-11-07,Swiggy,Food,-632.64,debit,en
2026-11-07,Fuel Station,Transport,-291.5,debit,en
2026-11-07,Apollo Pharmacy,Healthcare,-931.31,debit,en
2026-11-08,Netflix Subscription,Entertainment,-385.0,debit,en
2026-11-08,Spotify Premium,Entertainment,-220.0,debit,en
2026-11-08,Prime Membership,Entertainment,-495.0,debit,en
2026-11-08,Netflix Subscription,Entertainment,-1120.0,debit,en
2026-11-08,Spotify Premium,Entertainment,-640.0,debit,en
2026-11-08,Prime Membership,Entertainment,-1440.0,debit,en
2026-11-08,Movie Night,Entertainment,-463.79,debit,en
2026-11-09,Swiggy,Food,-439.53,debit,en
2026-11-09,Swiggy,Food,-482.71,debit,en
2026-11-10,Uber,Transport,-199.48,debit,en
2026-11-10,Uber,Transport,-313.47,debit,en
2026-11-11,Swiggy,Food,-319.61,debit,en
2026-11-11,Swiggy,Food,-581.69,debit,en
2026-11-12,Uber,Transport,-207.13,debit,en
2026-11-12,Uber,Transport,-202.35,debit,en
2026-11-13,Swiggy,Food,-532.25,debit,en
2026-11-13,Swiggy,Food,-556.5,debit,en
2026-11-14,Swiggy,Food,-517.81,debit,en
2026-11-14,Fuel Station,Transport,-299.7,debit,en
2026-11-14,Swiggy,Food,-750.34,debit,en
2026-11-14,Fuel Station,Transport,-236.03,debit,en
2026-11-15,Movie Night,Entertainment,-346.03,debit,en
2026-11-16,Swiggy,Food,-471.53,debit,en
2026-11-16,Swiggy,Food,-581.99,debit,en
2026-11-17,Uber,Transport,-210.06,debit,en
2026-11-17,Uber,Transport,-270.48,debit,en
2026-11-18,Swiggy,Food,-500.24,debit,en
2026-11-18,Swiggy,Food,-470.66,debit,en
2026-11-19,Uber,Transport,-278.02,debit,en
2026-11-19,Uber,Transport,-365.4,debit,en
2026-11-20,Swiggy,Food,-616.76,debit,en
2026-11-20,Swiggy,Food,-696.03,debit,en
2026-11-21,Swiggy,Food,-472.21,debit,en
2026-11-21,Fuel Station,Transport,-201.34,debit,en
2026-11-21,Swiggy,Food,-789.29,debit,en
2026-11-21,Fuel Station,Transport,-361.93,debit,en
2026-11-22,Movie Night,Entertainment,-509.08,debit,en
2026-11-22,Apollo Pharmacy,Healthcare,-554.46,debit,en
2026-11-23,Swiggy,Food,-475.27,debit,en
2026-11-23,Swiggy,Food,-660.04,debit,en
2026-11-24,Uber,Transport,-303.88,debit,en
2026-11-24,Uber,Transport,-412.84,debit,en
2026-11-25,Swiggy,Food,-508.68,debit,en
2026-11-25,Swiggy,Food,-641.56,debit,en
2026-11-26,Uber,Transport,-105.48,debit,en
2026-11-26,Amazon,Shopping,-576.6,debit,en
2026-11-26,Uber,Transport,-256.75,debit,en
2026-11-27,Swiggy,Food,-532.57,debit,en
2026-11-27,Swiggy,Food,-515.13,debit,en
2026-11-28,Swiggy,Food,-515.97,debit,en
2026-11-28,Fuel Station,Transport,-189.12,debit,en
2026-11-28,Swiggy,Food,-538.13,debit,en
2026-11-28,Fuel Station,Transport,-342.02,debit,en
2026-11-29,Movie Night,Entertainment,-676.34,debit,en
2026-11-29,Movie Night,Entertainment,-554.91,debit,en
2026-11-30,Swiggy,Food,-586.73,debit,en
2026-11-30,Swiggy,Food,-611.74,debit,en
2026-11-30,Refund Credit,Income,402.31,credit,en
2026-12-01,Salary Credit,Income,90000.0,credit,en
2026-12-01,Uber,Transport,-289.81,debit,en
2026-12-01,Salary Credit,Income,68000.0,credit,en
2026-12-01,Uber,Transport,-252.43,debit,en
2026-12-02,Swiggy,Food,-563.89,debit,en
2026-12-02,Amazon,Shopping,-635.98,debit,en
2026-12-02,Swiggy,Food,-600.78,debit,en
2026-12-03,Home Rent,Housing,-26000.0,debit,en
2026-12-03,Uber,Transport,-335.72,debit,en
2026-12-03,Flipkart,Shopping,-1045.21,debit,en
2026-12-03,Refund Credit,Income,561.76,credit,en
2026-12-03,Home Rent,Housing,-15000.0,debit,en
2026-12-03,Uber,Transport,-356.47,debit,en
2026-12-03,Refund Credit,Income,771.68,credit,en
2026-12-04,Swiggy,Food,-403.1,debit,en
2026-12-04,Swiggy,Food,-488.63,debit,en
2026-12-04,Flipkart,Shopping,-815.41,debit,en
2026-12-05,Swiggy,Food,-437.39,debit,en
2026-12-05,Fuel Station,Transport,-385.8,debit,en
2026-12-05,Swiggy,Food,-869.34,debit,en
2026-12-05,Fuel Station,Transport,-231.36,debit,en
2026-12-06,Electricity Bill,Bills,-3224.0,debit,en
2026-12-06,Internet Bill,Bills,-1976.0,debit,en
2026-12-06,Movie Night,Entertainment,-614.25,debit,en
2026-12-06,Electricity Bill,Bills,-2170.0,debit,en
2026-12-06,Internet Bill,Bills,-1330.0,debit,en
2026-12-06,Movie Night,Entertainment,-516.52,debit,en
2026-12-07,Swiggy,Food,-511.65,debit,en
2026-12-07,Swiggy,Food,-608.14,debit,en
2026-12-08,Netflix Subscription,Entertainment,-385.0,debit,en
2026-12-08,Spotify Premium,Entertainment,-220.0,debit,en
2026-12-08,Prime Membership,Entertainment,-495.0,debit,en
2026-12-08,Uber,Transport,-242.42,debit,en
2026-12-08,Netflix Subscription,Entertainment,-1120.0,debit,en
2026-12-08,Spotify Premium,Entertainment,-640.0,debit,en
2026-12-08,Prime Membership,Entertainment,-1440.0,debit,en
2026-12-08,Uber,Transport,-354.89,debit,en
2026-12-09,Swiggy,Food,-481.01,debit,en
2026-12-09,Swiggy,Food,-532.95,debit,en
2026-12-10,Uber,Transport,-355.55,debit,en
2026-12-10,Uber,Transport,-407.32,debit,en
2026-12-10,Apollo Pharmacy,Healthcare,-744.53,debit,en
2026-12-11,Swiggy,Food,-345.86,debit,en
2026-12-11,Apollo Pharmacy,Healthcare,-827.11,debit,en
2026-12-11,Swiggy,Food,-593.41,debit,en
2026-12-12,Swiggy,Food,-719.11,debit,en
2026-12-12,Fuel Station,Transport,-314.24,debit,en
2026-12-12,Swiggy,Food,-441.39,debit,en
2026-12-12,Fuel Station,Transport,-347.47,debit,en
2026-12-13,Movie Night,Entertainment,-427.37,debit,en
2026-12-13,Movie Night,Entertainment,-633.52,debit,en
2026-12-14,Swiggy,Food,-464.76,debit,en
2026-12-14,Swiggy,Food,-400.9,debit,en
2026-12-15,Uber,Transport,-302.35,debit,en
2026-12-15,Uber,Transport,-308.77,debit,en
2026-12-16,Swiggy,Food,-377.6,debit,en
2026-12-16,Swiggy,Food,-510.22,debit,en
2026-12-17,Uber,Transport,-338.6,debit,en
2026-12-17,Uber,Transport,-356.43,debit,en
2026-12-18,Swiggy,Food,-449.56,debit,en
2026-12-18,Swiggy,Food,-655.24,debit,en
2026-12-18,Amazon,Shopping,-731.83,debit,en
2026-12-19,Swiggy,Food,-576.72,debit,en
2026-12-19,Fuel Station,Transport,-234.79,debit,en
2026-12-19,Amazon,Shopping,-701.86,debit,en
2026-12-19,Swiggy,Food,-589.85,debit,en
2026-12-19,Fuel Station,Transport,-250.26,debit,en
2026-12-20,Movie Night,Entertainment,-547.03,debit,en
2026-12-21,Swiggy,Food,-419.6,debit,en
2026-12-21,Swiggy,Food,-710.29,debit,en
2026-12-22,Uber,Transport,-311.37,debit,en
2026-12-22,Uber,Transport,-385.69,debit,en
2026-12-23,Swiggy,Food,-426.94,debit,en
2026-12-23,Swiggy,Food,-547.62,debit,en
2026-12-24,Uber,Transport,-257.08,debit,en
2026-12-24,Uber,Transport,-326.8,debit,en
2026-12-24,Amazon,Shopping,-1318.84,debit,en
2026-12-25,Swiggy,Food,-506.68,debit,en
2026-12-25,Swiggy,Food,-522.02,debit,en
2026-12-26,Swiggy,Food,-464.16,debit,en
2026-12-26,Fuel Station,Transport,-218.13,debit,en
2026-12-26,Swiggy,Food,-526.97,debit,en
2026-12-26,Fuel Station,Transport,-367.39,debit,en
2026-12-27,Movie Night,Entertainment,-554.36,debit,en
2026-12-28,Swiggy,Food,-405.18,debit,en
2026-12-28,Swiggy,Food,-518.44,debit,en
2026-12-29,Uber,Transport,-105.81,debit,en
2026-12-29,Uber,Transport,-269.91,debit,en
2026-12-30,Swiggy,Food,-332.88,debit,en
2026-12-30,Swiggy,Food,-602.64,debit,en
2026-12-31,Uber,Transport,-211.58,debit,en
2026-12-31,Uber,Transport,-420.0,debit,en
2027-01-01,Salary Credit,Income,90000.0,credit,en
2027-01-01,Swiggy,Food,-319.19,debit,en
2027-01-01,Salary Credit,Income,68000.0,credit,en
2027-01-01,Swiggy,Food,-473.67,debit,en
2027-01-02,Swiggy,Food,-328.26,debit,en
2027-01-02,Fuel Station,Transport,-140.39,debit,en
2027-01-03,Home Rent,Housing,-15000.0,debit,en
2027-01-04,Swiggy,Food,-632.88,debit,en
2027-01-04,Amazon,Shopping,-858.43,debit,en
2027-01-05,Uber,Transport,-452.36,debit,en
2027-01-05,Flipkart,Shopping,-1155.85,debit,en
2027-01-06,Electricity Bill,Bills,-2170.0,debit,en
2027-01-06,Internet Bill,Bills,-1330.0,debit,en
2027-01-06,Swiggy,Food,-612.87,debit,en
2027-01-07,Uber,Transport,-241.18,debit,en
2027-01-08,Netflix Subscription,Entertainment,-1120.0,debit,en
2027-01-08,Spotify Premium,Entertainment,-640.0,debit,en
2027-01-08,Prime Membership,Entertainment,-1440.0,debit,en
2027-01-08,Swiggy,Food,-590.31,debit,en
2027-01-08,Flipkart,Shopping,-791.8,debit,en
2027-01-09,Swiggy,Food,-753.61,debit,en
2027-01-09,Fuel Station,Transport,-315.79,debit,en
2027-01-10,Movie Night,Entertainment,-442.91,debit,en
2027-01-11,Swiggy,Food,-517.22,debit,en
2027-01-12,Uber,Transport,-274.94,debit,en
2027-01-13,Swiggy,Food,-432.83,debit,en
2027-01-14,Uber,Transport,-379.52,debit,en
2027-01-15,Swiggy,Food,-561.85,debit,en
2027-01-16,Swiggy,Food,-538.79,debit,en
2027-01-16,Fuel Station,Transport,-252.68,debit,en
2027-01-18,Swiggy,Food,-643.41,debit,en
2027-01-18,Amazon,Shopping,-799.3,debit,en
2027-01-19,Uber,Transport,-198.13,debit,en
2027-01-20,Swiggy,Food,-661.76,debit,en
2027-01-21,Uber,Transport,-336.51,debit,en
2027-01-22,Swiggy,Food,-592.22,debit,en
2027-01-23,Swiggy,Food,-546.84,debit,en
2027-01-23,Fuel Station,Transport,-315.06,debit,en
2027-01-24,Movie Night,Entertainment,-569.5,debit,en
2027-01-25,Swiggy,Food,-591.82,debit,en
2027-01-26,Uber,Transport,-264.41,debit,en
2027-01-26,Flipkart,Shopping,-756.05,debit,en
2027-01-27,Swiggy,Food,-618.41,debit,en
2027-01-28,Uber,Transport,-332.64,debit,en
2027-01-29,Swiggy,Food,-622.44,debit,en
2027-01-30,Swiggy,Food,-507.42,debit,en
2027-01-30,Fuel Station,Transport,-299.33,debit,en
2027-01-31,Movie Night,Entertainment,-477.54,debit,en
2027-01-31,Apollo Pharmacy,Healthcare,-832.29,debit,en
2027-02-01,Salary Credit,Income,68000.0,credit,en
2027-02-01,Swiggy,Food,-474.53,debit,en
2027-02-02,Uber,Transport,-392.86,debit,en
2027-02-03,Home Rent,Housing,-15000.0,debit,en
2027-02-03,Swiggy,Food,-797.23,debit,en
2027-02-04,Uber,Transport,-450.99,debit,en
2027-02-05,Swiggy,Food,-684.37,debit,en
2027-02-05,Apollo Pharmacy,Healthcare,-961.16,debit,en
2027-02-06,Electricity Bill,Bills,-2170.0,debit,en
2027-02-06,Internet Bill,Bills,-1330.0,debit,en
2027-02-06,Swiggy,Food,-614.23,debit,en
2027-02-06,Fuel Station,Transport,-202.99,debit,en
2027-02-06,Apollo Pharmacy,Healthcare,-1253.87,debit,en
2027-02-07,Movie Night,Entertainment,-539.86,debit,en
2027-02-07,Refund Credit,Income,501.66,credit,en
2027-02-08,Netflix Subscription,Entertainment,-1120.0,debit,en
2027-02-08,Spotify Premium,Entertainment,-640.0,debit,en
2027-02-08,Prime Membership,Entertainment,-1440.0,debit,en
2027-02-08,Swiggy,Food,-465.14,debit,en
2027-02-09,Uber,Transport,-340.96,debit,en
2027-02-10,Swiggy,Food,-644.59,debit,en
2027-02-11,Uber,Transport,-249.77,debit,en
2027-02-11,Amazon,Shopping,-664.48,debit,en
2027-02-12,Swiggy,Food,-715.09,debit,en
2027-02-13,Swiggy,Food,-927.43,debit,en
2027-02-13,Fuel Station,Transport,-282.94,debit,en
2027-02-15,Swiggy,Food,-629.21,debit,en
2027-02-16,Uber,Transport,-254.38,debit,en
2027-02-17,Swiggy,Food,-442.65,debit,en
2027-02-18,Uber,Transport,-341.61,debit,en
2027-02-19,Swiggy,Food,-505.39,debit,en
2027-02-20,Swiggy,Food,-714.93,debit,en
2027-02-20,Fuel Station,Transport,-351.65,debit,en
2027-02-22,Swiggy,Food,-641.04,debit,en
2027-02-23,Uber,Transport,-342.37,debit,en
2027-02-23,Flipkart,Shopping,-443.04,debit,en
2027-02-24,Swiggy,Food,-452.9,debit,en
2027-02-25,Uber,Transport,-211.46,debit,en
2027-02-25,Flipkart,Shopping,-1164.92,debit,en
2027-02-26,Swiggy,Food,-554.83,debit,en
2027-02-27,Swiggy,Food,-719.29,debit,en
2027-02-27,Fuel Station,Transport,-332.17,debit,en
2027-02-27,Apollo Pharmacy,Healthcare,-1030.11,debit,en
2027-03-01,Salary Credit,Income,68000.0,credit,en
2027-03-01,Swiggy,Food,-489.28,debit,en
2027-03-02,Uber,Transport,-390.62,debit,en
